CEP	BAIRRO_CANDIDATO	CLIENTES	PERCENTUAL	STATUS	FAMILIAS
57200000	CENTRO	3	66.7	REVISAR_AMBIGUO	CENTRO (2) | DOM COSTANTINO (1)
70000000	JARDIM COLORADO	12	16.7	REVISAR_AMBIGUO	JARDIM COLORADO (2) | VILA SAO JOSE (2) | JARDIM NOVO MUNDO (1) | VILA MUTIRAO 1 (1) | VILA MARIA DILCE (1) | JARDIM DAS HORTENCIAS (1) | MORADA DO SOL (1) | PROGRESSO (1) | CANDIDA DE MORAIS (1) | JARDIM HELLOU (1)
74000000	JARDIM NOVA ESPERANCA	4180	14.6	REVISAR_AMBIGUO	JARDIM NOVA ESPERANCA (612) | JARDIM NOVO MUNDO (405) | JARDIM COLORADO (341) | JARDIM LIBERDADE (283) | VILA MUTIRAO (246) | NOVO PLANALTO (195) | JARDIM DAS HORTENCIAS (181) | SANTOS DUMONT (165) | JARDIM CURITIBA IV (131) | MANSOES PARAISO (109) | JARDIM VISTA BELA (102) | CANDIDA DE MORAES (100) | VILA SAO JOSE (90) | VILA JOAO VAZ (69) | SAO CARLOS (68) | CAPUAVA (67) | DA VITORIA (52) | PARQUE TREMENDAO (50) | RESIDENCIAL FORTALEZA (43) | JARDIM PETROPOLIS (42) | VILA FINSOCIAL (42) | NOROESTE (40) | AEROVIARIO (40) | MARABA (39) | RESIDENCIAL PRIVE NORTE (38) | RESIDENCIAL MARINGA (34) | VILA REGINA (34) | NOVO MUNDO (31) | MORADA DO SOL (30) | RESIDENCIAL GREEN PARK (28) | ALBINO BOAVENTURA (27) | PERIM (26) | PROGRESSO (25) | JARDIM CLARISSA (22) | JARDIM HELLOU (20) | VILA CRISTINA (18) | JARDIM GRAMADO (17) | VILA MORAIS (17) | VILA MARIA DILCE (17) | BARRA DA TIJUCA (17) | VILA MARIA LUIZA (15) | JARDIM BONANZA (13) | CANDIDA DE MORAIS (13) | JARDIM CAMARGO (12) | RESIDENCIAL ITAMARACA (11) | RESIDENCIAL ANGLO (10) | AGUA BRANCA (9) | JD NOVA ESPERANCA (9) | RESIDENCIAL 14 BIS (8) | RESIDENCIAL HUGO DE MORAES (8) | ESPLANADA DO ANICUNS (8) | VILA MUTIRAO II (8) | SEVENE (7) | VALE DOS CARAIBAS (7) | SAO JOSE (6) | JARDIM BRASIL (6) | VISTA BELA (6) | VILA MARTINS (5) | RESIDENCIAL MANSOES PARAISO (4) | JD NOVO MUNDO (4) | PQ TREMENDAO (4) | JD DAS HORTENCIAS (3) | VILA MUTIRAO I (3) | RESIDENCIAL VALE DO ARAGUAIA (3) | PARQUE INDUSTRIAL PAULISTA (3) | NOVA ESPERANCA (3) | CONJUNTO RIVIERA (3) | EMPRESARIAL (3) | VILA ROMANA (3) | MANSOES ROSAS DE OURO (2) | JARDIM CALIFORNIA (2) | RECREIO SAO JOAQUIM (2) | JOAO VAZ (2) | JARDIM HELOU (2) | CHACARAS MANSOES ROSAS DE OURO (2) | JD COLORADO (2) | JARDIM CURITIBA II (2) | VALE DAS CARAIBAS (2) | RESIDENCIAL ARUANA (2) | FINSOCIAL (2) | RESIDENCIAL ANGULO (2) | VALE DO ARAGUAIA (1) | VILA MULTIRAO (1) | JARDIM COLORADO EXTECAO (1) | JARDIM NOVO MUNDO II (1) | CURITIBA I (1) | JARDIM NOVA ESPERANCAA (1) | CONDOMINIO RIO BRANCO (1) | JARDIM EMANUELE (1) | ESTRELA DALVA (1) | NOVO PLALNALTO (1) | JD CALIFORNIA (1) | JD LIBERDADE (1) | JARDIM LAGO AZUL (1) | JARDIM EMANUELY (1) | CAPUAVA RESIDENCIAL PRIVE (1) | JARDIM COLORADO EXTENSAO (1) | SAO MARCOS I (1) | PARQUE TREMEDAO (1) | RESIDENCIAL ALBINO BOAVENTURA (1) | RESIDENCIAL EMANUELE (1) | JARDIM CALIFONIA (1) | RESIDENCIAL BUENA VISTA 4 (1) | CH RECREIO SAO JOAQUIM (1) | JD EMANUELLE NOVO MUNDO (1) | JARDIM CURITIBA 04 (1) | JARDIM CURITIBA III (1) | JD CURITIBA (1) | JARDIM CURITIBA 1 (1) | RESIDENCIAL FLORESTA (1) | PARQUE INDUSTRIAL JOAO BRAZ (1) | PQ INDUSTRIAL PAULISTA (1) | VILA MORAIS NOVO MUNDO (1) | MARIA LUIZA (1) | CENTRO (1) | PARUE TREMENDAO (1) | COLORADO (1) | NOVO MUNDO II (1) | VILA MARTINS EXTENSAO NOVO MUNDO (1) | JARDIM NOVO PETROPOLIS (1) | JD NOVO PETROPOLIS (1) | JARDIM CURITIBA I (1) | PARQUE MARACANA (1) | VILA CLEMENTE (1) | RESIDENCIAL ARAGUAIA (1) | CONDOMINIO PORTAL DAS HORTENCIAS (1) | CRIMEIA OESTE (1)
74140000	JARDIM COLORADO	4	25.0	REVISAR_AMBIGUO	JARDIM COLORADO (1) | MORADA DO SOL (1) | MANSOES PARAISO (1) | JARDIM DAS HORTENCIAS (1)
74340500	JARDIM NOVA ESPERANCA	3	66.7	REVISAR_AMBIGUO	JARDIM NOVA ESPERANCA (2) | JARDIN NOVA ESPERANCA (1)
74354632	JARDIM CARAVELAS	2	50.0	REVISAR_AMBIGUO	JARDIM CARAVELAS (1) | JARDIM CARAVELAS 1 ETAPA (1)
74354636	JARDIM CRAVELAS	2	50.0	REVISAR_AMBIGUO	JARDIM CRAVELAS (1) | JARDM CARAVELAS (1)
74354640	JARDIM CARAVELAS	2	50.0	REVISAR_AMBIGUO	JARDIM CARAVELAS (1) | CARAVELAS (1)
74375110	PARQUE OESTE INDUSTRIAL	2	50.0	REVISAR_AMBIGUO	PARQUE OESTE INDUSTRIAL (1) | GOIA (1)
74393820	RESIDENCIAL ALPHAVILLE	2	50.0	REVISAR_AMBIGUO	RESIDENCIAL ALPHAVILLE (1) | LOTEAMENTO ALPHAVILLE RESIDENCIAL (1)
74394225	RESIDENCIAL BUENA VISTA I	5	80.0	REVISAR_80	RESIDENCIAL BUENA VISTA I (4) | RESIDENCIALBUENA VISTA I (1)
74394230	RESIDENCIAL BUENA VISTA I	2	50.0	REVISAR_AMBIGUO	RESIDENCIAL BUENA VISTA I (1) | RESI8DENCIAL BUENA VISTA I (1)
74394240	RESIENCIAL BUENA VISTA I	2	50.0	REVISAR_AMBIGUO	RESIENCIAL BUENA VISTA I (1) | RESIDENCIAL BUENA VISTA I (1)
74394620	RESIDENCIAL BUENA VISTA IV	3	66.7	REVISAR_AMBIGUO	RESIDENCIAL BUENA VISTA IV (2) | BUENA VISTA IV (1)
74400000	JARDIM NOVO MUNDO	63	20.6	REVISAR_AMBIGUO	JARDIM NOVO MUNDO (13) | JARDIM COLORADO (10) | JARDIM NOVA ESPERANCA (6) | JARDIM CURITIBA IV (4) | JARDIM DAS HORTENCIAS (3) | VILA JOAO VAZ (2) | NOVO PLANALTO (2) | VILA CRISTINA CONTINUACAO (2) | MANSOES PARAISO (2) | ESTRELA DALVA (1) | JARDIM LIBERDADE (1) | VILA MUTIRAO (1) | NOROESTE (1) | VILA ROMANA (1) | PARQUE INDUSTRIAL PAULISTA (1) | JARDIM PETROPOLIS (1) | MORADA DO SOL (1) | VILA REGINA (1) | RESIDENCIAL FORTALEZA (1) | SANTOS DUMONT (1) | CONJUNTO RESIDENCIAL ARUANA III (1) | VILA MARTINS (1) | DA VITORIA (1) | CAPUAVA (1) | JARDIM NOVO PETROPOLIS (1) | JARDIM GRAMADO (1) | CANDIDA DE MORAIS (1) | JARDIM VISTA BELA (1)
74435115	AEROVIARIO	9	88.9	REVISAR_80	AEROVIARIO (8) | VILA SAO JOSE (1)
74435280	AEROVIARIO	7	85.7	REVISAR_80	AEROVIARIO (6) | VILA SAO JOSE (1)
74440030	VILA SAO JOSE	2	50.0	REVISAR_AMBIGUO	VILA SAO JOSE (1) | SAO JOSE (1)
74440060	SAO JOSE	16	75.0	REVISAR_AMBIGUO	SAO JOSE (12) | VILA SAO JOSE (4)
74440080	VILA SAO JOSE	3	66.7	REVISAR_AMBIGUO	VILA SAO JOSE (2) | SAO JOSE (1)
74440120	SAO JOSE	3	66.7	REVISAR_AMBIGUO	SAO JOSE (2) | AEROVIARIO (1)
74440130	SAO JOSE	4	75.0	REVISAR_AMBIGUO	SAO JOSE (3) | VILA SAO JOSE (1)
74440140	SAO JOSE	4	75.0	REVISAR_AMBIGUO	SAO JOSE (3) | VILA SAO JOSE (1)
74440145	SAO JOSE	7	57.1	REVISAR_AMBIGUO	SAO JOSE (4) | VILA SAO JOSE (3)
74440240	SAO JOSE	7	71.4	REVISAR_AMBIGUO	SAO JOSE (5) | VILA SAO JOSE (2)
74440245	VILA SAO JOSE	5	60.0	REVISAR_AMBIGUO	VILA SAO JOSE (3) | SAO JOSE (2)
74440250	SAO JOSE	11	63.6	REVISAR_AMBIGUO	SAO JOSE (7) | VILA SAO JOSE (4)
74440300	SAO JOSE	9	66.7	REVISAR_AMBIGUO	SAO JOSE (6) | VILA SAO JOSE (3)
74440310	SAO JOSE	7	85.7	REVISAR_80	SAO JOSE (6) | VILA SAO JOSE (1)
74440340	SAO JOSE	7	57.1	REVISAR_AMBIGUO	SAO JOSE (4) | VILA SAO JOSE (3)
74440360	VILA SAO JOSE	4	50.0	REVISAR_AMBIGUO	VILA SAO JOSE (2) | SAO JOSE (2)
74440410	VILA SAO JOSE	2	50.0	REVISAR_AMBIGUO	VILA SAO JOSE (1) | SAO JOSE (1)
74440460	SAO JOSE	3	66.7	REVISAR_AMBIGUO	SAO JOSE (2) | VILA SAO JOSE (1)
74440470	VILA SAO JOSE	3	66.7	REVISAR_AMBIGUO	VILA SAO JOSE (2) | SAO JOSE (1)
74440480	SAO JOSE	8	87.5	REVISAR_80	SAO JOSE (7) | VILA SAO JOSE (1)
74440500	SAO JOSE	3	66.7	REVISAR_AMBIGUO	SAO JOSE (2) | VILA SAO JOSE (1)
74440510	VILA SAO JOSE	2	50.0	REVISAR_AMBIGUO	VILA SAO JOSE (1) | SAO JOSE (1)
74440530	SAO JOSE	7	85.7	REVISAR_80	SAO JOSE (6) | VILA SAO JOSE (1)
74440550	SAO JOSE	11	72.7	REVISAR_AMBIGUO	SAO JOSE (8) | VILA SAO JOSE (3)
74440560	SAO JOSE	7	85.7	REVISAR_80	SAO JOSE (6) | VILA SAO JOSE (1)
74440590	VILA SAO JOSE	6	83.3	REVISAR_80	VILA SAO JOSE (5) | SAO JOSE (1)
74440630	VILA SAO JOSE	5	60.0	REVISAR_AMBIGUO	VILA SAO JOSE (3) | SAO JOSE (2)
74440640	SAO JOSE	11	81.8	REVISAR_80	SAO JOSE (9) | VILA SAO JOSE (2)
74440670	SAO JOSE	5	80.0	REVISAR_80	SAO JOSE (4) | VILA SAO JOSE (1)
74440700	SAO JOSE	3	66.7	REVISAR_AMBIGUO	SAO JOSE (2) | VILA SAO JOSE (1)
74440710	VILA SAO JOSE	2	50.0	REVISAR_AMBIGUO	VILA SAO JOSE (1) | SAO JOSE (1)
74441010	VILA SAO JOSE	2	50.0	REVISAR_AMBIGUO	VILA SAO JOSE (1) | SAO JOSE (1)
74445160	VILA JOAO VAZ	27	96.3	REVISAR_95	VILA JOAO VAZ (26) | CAPUAVA (1)
74445190	VILA JOAO VAZ	5	80.0	REVISAR_80	VILA JOAO VAZ (4) | NOROESTE (1)
74445230	VILA JOAO VAZ	18	94.4	REVISAR_80	VILA JOAO VAZ (17) | JOAO VAZ (1)
74445260	VILA JOAO VAZ	12	91.7	REVISAR_80	VILA JOAO VAZ (11) | CAPUAVA (1)
74445300	CAPUAVA RESIDENCIAL PRIVE	2	50.0	REVISAR_AMBIGUO	CAPUAVA RESIDENCIAL PRIVE (1) | RESIDENCIAL PRIVE NORTE (1)
74445302	CAPUAVA RESIDENCIAL PRIVE	12	83.3	REVISAR_80	CAPUAVA RESIDENCIAL PRIVE (10) | CAPUAVA (2)
74445305	RESIDENCIAL PRIVE NORTE	2	50.0	REVISAR_AMBIGUO	RESIDENCIAL PRIVE NORTE (1) | CAPUAVA RESIDENCIAL PRIVE (1)
74445360	FAZENDA CAVEIRA	2	50.0	REVISAR_AMBIGUO	FAZENDA CAVEIRA (1) | FAZENDA CAVEIRAS (1)
74450170	CAPUAVA	19	94.7	REVISAR_80	CAPUAVA (18) | CANDIDA DE MORAES (1)
74450300	CAPUAVA	4	50.0	REVISAR_AMBIGUO	CAPUAVA (2) | PERIM (1) | JARDIM GRAMADO (1)
74450470	CAPUAVA	6	83.3	REVISAR_80	CAPUAVA (5) | MARABA (1)
74455070	JARDIM NOVA ESPERANCA	6	83.3	REVISAR_80	JARDIM NOVA ESPERANCA (5) | NOVA ESPERANCA (1)
74460020	JARDIM PETROPOLIS	23	95.7	REVISAR_95	JARDIM PETROPOLIS (22) | JARDIM PETROPLIS (1)
74460110	JARDIM PETROPOLIS	2	50.0	REVISAR_AMBIGUO	JARDIM PETROPOLIS (1) | JARDIM LIBERDADE (1)
74460500	JARDIM PETROPOLIS	7	71.4	REVISAR_AMBIGUO	JARDIM PETROPOLIS (5) | VILA REGINA (2)
74460970	MORADA DO SOL	3	33.3	REVISAR_AMBIGUO	MORADA DO SOL (1) | VALE DOS CARAIBAS (1) | VILA FINSOCIAL (1)
74463030	SANTOS DUMONT	2	50.0	REVISAR_AMBIGUO	SANTOS DUMONT (1) | PARQUE INDUSTRIAL PAULISTA (1)
74463100	PARQUE INDUSTRIAL PAULISTA	8	87.5	REVISAR_80	PARQUE INDUSTRIAL PAULISTA (7) | PARQUE INDUSTRIAL (1)
74463150	CANDIDA DE MORAIS	11	63.6	REVISAR_AMBIGUO	CANDIDA DE MORAIS (7) | CANDIDA DE MORAES (3) | CONDOMINIO MARESIA RESIDENCIAL ITAMARACA (1)
74463160	CANDIDA DE MORAIS	6	66.7	REVISAR_AMBIGUO	CANDIDA DE MORAIS (4) | CANDIDA DE MORAES (2)
74463165	CANDIDA DE MORAIS	19	63.2	REVISAR_AMBIGUO	CANDIDA DE MORAIS (12) | CANDIDA DE MORAES (4) | SANTOS DUMONT (2) | CANDIDAS DE MORAIS (1)
74463170	CANDIDA DE MORAES	18	55.6	REVISAR_AMBIGUO	CANDIDA DE MORAES (10) | CANDIDA DE MORAIS (8)
74463190	CANDIDA DE MORAIS	14	85.7	REVISAR_80	CANDIDA DE MORAIS (12) | CANDIDA DE MORAES (2)
74463200	CANDIDA DE MORAIS	44	70.5	REVISAR_AMBIGUO	CANDIDA DE MORAIS (31) | CANDIDA DE MORAES (11) | CANDIDADE MORAES (1) | JARDIM NOVA ESPERANCA (1)
74463210	CANDIDA DE MORAIS	22	63.6	REVISAR_AMBIGUO	CANDIDA DE MORAIS (14) | CANDIDA DE MORAES (7) | CENTRO (1)
74463220	CANDIDA DE MORAIS	29	55.2	REVISAR_AMBIGUO	CANDIDA DE MORAIS (16) | CANDIDA DE MORAES (13)
74463230	CANDIDA DE MORAIS	20	65.0	REVISAR_AMBIGUO	CANDIDA DE MORAIS (13) | CANDIDA DE MORAES (7)
74463240	CANDIDA DE MORAES	22	50.0	REVISAR_AMBIGUO	CANDIDA DE MORAES (11) | CANDIDA DE MORAIS (10) | JARDIM NOVA ESPERANCA (1)
74463250	CANDIDA DE MORAIS	8	62.5	REVISAR_AMBIGUO	CANDIDA DE MORAIS (5) | CANDIDA DE MORAES (3)
74463260	CANDIDA DE MORAIS	23	69.6	REVISAR_AMBIGUO	CANDIDA DE MORAIS (16) | CANDIDA DE MORAES (7)
74463270	CANDIDA DE MORAIS	6	50.0	REVISAR_AMBIGUO	CANDIDA DE MORAIS (3) | CANDIDA DE MORAES (2) | SANTOS DUMONT (1)
74463280	CANDIDA DE MORAES	292	91.1	REVISAR_80	CANDIDA DE MORAES (266) | CANDIDA DE MORAIS (22) | JARDIM NOVA ESPERANCA (3) | CANDIDO DE MORAES (1)
74463290	CANDIDA DE MORAIS	4	50.0	REVISAR_AMBIGUO	CANDIDA DE MORAIS (2) | CANDIDA DE MORAES (1) | CAPUAVA (1)
74463317	CANDIDA DE MORAIS	2	50.0	REVISAR_AMBIGUO	CANDIDA DE MORAIS (1) | CAPUAVA (1)
74463320	CANDIDA DE MORAIS	15	86.7	REVISAR_80	CANDIDA DE MORAIS (13) | CANDIDA DE MORAES (2)
74463330	CANDIDA DE MORAIS	16	62.5	REVISAR_AMBIGUO	CANDIDA DE MORAIS (10) | CANDIDA DE MORAES (6)
74463340	SANTOS DUMONT	16	75.0	REVISAR_AMBIGUO	SANTOS DUMONT (12) | CANDIDA DE MORAES (4)
74463375	CANDIDA DE MORAES	2	50.0	REVISAR_AMBIGUO	CANDIDA DE MORAES (1) | SANTOS DUMONT (1)
74463380	SANTOS DUMONT	24	95.8	REVISAR_95	SANTOS DUMONT (23) | JARDIM NOVA ESPERANCA (1)
74463615	SANTOS DUMONT	5	60.0	REVISAR_AMBIGUO	SANTOS DUMONT (3) | CANDIDA DE MORAIS (1) | JARDIM NOVA ESPERANCA (1)
74463850	JARDIM BONANZA	6	83.3	REVISAR_80	JARDIM BONANZA (5) | SANTOS DUMONT (1)
74464120	JARDIM NOVO PETROPOLIS	2	50.0	REVISAR_AMBIGUO	JARDIM NOVO PETROPOLIS (1) | JARDIM PETROPOLIS (1)
74464130	JARDIM PETROPOLIS	4	50.0	REVISAR_AMBIGUO	JARDIM PETROPOLIS (2) | JARDIM NOVO PETROPOLIS (2)
74464135	JARDIM NOVO PETROPOLIS	11	81.8	REVISAR_80	JARDIM NOVO PETROPOLIS (9) | JARDIM PETROPOLIS (2)
74464155	RESIDENCIAL 14 BIS EXTENSAO	4	75.0	REVISAR_AMBIGUO	RESIDENCIAL 14 BIS EXTENSAO (3) | RESIDENCIAL 14 BIS (1)
74465010	JARDIM NOVA ESPERANCA	33	97.0	REVISAR_95	JARDIM NOVA ESPERANCA (32) | JARDIM NOVA ESPERANCAA (1)
74465025	JARDIM NOVA ESPERANCA	15	86.7	REVISAR_80	JARDIM NOVA ESPERANCA (13) | CANDIDA DE MORAIS (1) | CANDIDA DE MORAES (1)
74465050	JARDIM NOVA ESPERANCA	46	97.8	REVISAR_95	JARDIM NOVA ESPERANCA (45) | NOVA ESPERANCA (1)
74465080	PARQUE TREMENDAO	2	50.0	REVISAR_AMBIGUO	PARQUE TREMENDAO (1) | JARDIM NOVA ESPERANCA (1)
74465090	JARDIM NOVA ESPERANCA	4	75.0	REVISAR_AMBIGUO	JARDIM NOVA ESPERANCA (3) | PARQUE DAS FLORES (1)
74465100	JARDIM NOVA ESPERANCA	81	97.5	REVISAR_80	JARDIM NOVA ESPERANCA (79) | NOVA ESPERANCA (1) | JARDIM GRAMADO (1)
74465140	JARDIM NOVA ESPERANCA	130	63.8	REVISAR_AMBIGUO	JARDIM NOVA ESPERANCA (83) | JARDIM COLORADO (13) | JARDIM DAS HORTENCIAS (8) | NOVO PLANALTO (5) | MARABA (4) | CANDIDA DE MORAES (3) | NOROESTE (2) | NOVA ESPERANCA (2) | MANSOES PARAISO (2) | JARDIM LIBERDADE (2) | VILA FINSOCIAL (1) | RESIDENCIAL MANSOES PARAISO (1) | JARDIM HELLOU (1) | PARQUE TREMENDAO (1) | MORADA DO SOL (1) | ALBINO BOAVENTURA (1)
74465190	JARDIM NOVA ESPERANCA	57	98.2	REVISAR_95	JARDIM NOVA ESPERANCA (56) | NOVA ESPERANCA (1)
74465215	JARDIM NOVA ESPERANCA	18	94.4	REVISAR_80	JARDIM NOVA ESPERANCA (17) | PARQUE TREMENDAO (1)
74465280	JARDIM NOVA ESPERANCA	60	95.0	REVISAR_80	JARDIM NOVA ESPERANCA (57) | SANTOS DUMONT (1) | CANDIDA DE MORAES (1) | NOVA ESPERANCA (1)
74465310	JARDIM NOVA ESPERANCA	24	87.5	REVISAR_80	JARDIM NOVA ESPERANCA (21) | JARDIM NOVO MUNDO (2) | BARRA DA TIJUCA (1)
74465360	JARDIM NOVA ESPERANCA	6	83.3	REVISAR_80	JARDIM NOVA ESPERANCA (5) | NOVA ESPERANCA (1)
74465390	JARDIM NOVA ESPERANCA	46	95.7	REVISAR_95	JARDIM NOVA ESPERANCA (44) | NOVA ESPERANCA (2)
74465445	JARDIM NOVA ESPERANCA	306	91.2	REVISAR_80	JARDIM NOVA ESPERANCA (279) | CANDIDA DE MORAES (26) | JARDIM COLORADO (1)
74465524	MARABA	19	89.5	REVISAR_80	MARABA (17) | NOROESTE (2)
74465527	MARABA	6	83.3	REVISAR_80	MARABA (5) | RESIDENCIAL SAO MARCOS (1)
74465553	NOROESTE	2	50.0	REVISAR_AMBIGUO	NOROESTE (1) | MARABA (1)
74470015	FAZENDA CAVEIRA	5	40.0	REVISAR_AMBIGUO	FAZENDA CAVEIRA (2) | CHACARAS MANSOES ROSAS DE OURO (2) | RESIDENCIAL ANGLO (1)
74470065	RECREIO SAO JOAQUIM	2	50.0	REVISAR_AMBIGUO	RECREIO SAO JOAQUIM (1) | CHACARAS DE RECREIO SAO JOAQUIM (1)
74470071	CHACARAS MANSOES ROSAS DE OURO	3	66.7	REVISAR_AMBIGUO	CHACARAS MANSOES ROSAS DE OURO (2) | MANSOES ROSAS DE OURO (1)
74470275	SANTOS DUMONT	3	33.3	REVISAR_AMBIGUO	SANTOS DUMONT (1) | RECREIO SAO JOAQUIM (1) | CHACARAS DE RECREIO SAO JOAQUIM (1)
74470700	RESIDENCIAL JARDIM HELOU	10	70.0	REVISAR_AMBIGUO	RESIDENCIAL JARDIM HELOU (7) | JARDIM HELLOU (3)
74470705	JARDIM HELLOU	23	56.5	REVISAR_AMBIGUO	JARDIM HELLOU (13) | RESIDENCIAL JARDIM HELOU (7) | JARDIM VISTA BELA (2) | JARDIM NOVA ESPERANCA (1)
74470710	JARDIM HELLOU	17	58.8	REVISAR_AMBIGUO	JARDIM HELLOU (10) | RESIDENCIAL JARDIM HELOU (2) | JARDIM HELOU (1) | JARDIM DAS HORTENCIAS (1) | JARDIM VISTA BELA (1) | CHACARAS MANSOES ROSAS DE OURO (1) | JARDIM CAMARGO (1)
74470750	RESIDENCIAL JARDIM HELOU	3	66.7	REVISAR_AMBIGUO	RESIDENCIAL JARDIM HELOU (2) | JARDIM HELLOU (1)
74470760	RESIDENCIAL JARDIM HELOU	3	33.3	REVISAR_AMBIGUO	RESIDENCIAL JARDIM HELOU (1) | JARDIM COLORADO (1) | JARDIM HELLOU (1)
74470825	JARDIM CAMARGO	11	63.6	REVISAR_AMBIGUO	JARDIM CAMARGO (7) | RESIDENCIAL JARDIM CAMARGO (3) | JARDIM COLORADO (1)
74470850	JARDIM CAMARGO	17	64.7	REVISAR_AMBIGUO	JARDIM CAMARGO (11) | RESIDENCIAL JARDIM CAMARGO (6)
74470855	JARDIM HELLOU	5	40.0	REVISAR_AMBIGUO	JARDIM HELLOU (2) | JARDIM CAMARGO (2) | RESIDENCIAL JARDIM CAMARGO (1)
74473530	VILA FINSOCIAL	4	75.0	REVISAR_AMBIGUO	VILA FINSOCIAL (3) | FINSOCIAL (1)
74473782	VILA FINSOCIAL	3	66.7	REVISAR_AMBIGUO	VILA FINSOCIAL (2) | FINSOCIAL (1)
74473792	VILA FINSOCIAL	6	83.3	REVISAR_80	VILA FINSOCIAL (5) | FINSOCIAL (1)
74473838	RESIDENCIAL MARINGA	12	83.3	REVISAR_80	RESIDENCIAL MARINGA (10) | JARDIM COLORADO (2)
74474000	JARDIM COLORADO	6	83.3	REVISAR_80	JARDIM COLORADO (5) | PARQUE TREMENDAO (1)
74474001	JARDIM COLORADO	20	90.0	REVISAR_80	JARDIM COLORADO (18) | JARDIM DAS HORTENCIAS (1) | JARDIM VISTA BELA (1)
74474003	JARDIM COLORADO	15	93.3	REVISAR_80	JARDIM COLORADO (14) | JARDIM HELLOU (1)
74474006	JARDIM COLORADO	85	97.6	REVISAR_80	JARDIM COLORADO (83) | JARDIM COLORADO QD 12 LT 11 (1) | SAO CARLOS (1)
74474008	JARDIM COLORADO	7	71.4	REVISAR_AMBIGUO	JARDIM COLORADO (5) | JARDIM VISTA BELA (1) | PARQUE TREMENDAO (1)
74474009	JARDIM COLORADO	60	98.3	REVISAR_95	JARDIM COLORADO (59) | JARDIM DAS HORTENCIAS (1)
74474010	JARDIM COLORADO	12	66.7	REVISAR_AMBIGUO	JARDIM COLORADO (8) | JARDIM DAS HORTENCIAS (4)
74474011	JARDIM COLORADO	59	96.6	REVISAR_80	JARDIM COLORADO (57) | RESIDENCIAL JARDIM COLORADO (1) | JARDIM DAS HORTENCIAS (1)
74474015	JARDIM COLORADO	10	90.0	REVISAR_80	JARDIM COLORADO (9) | MANSOES PARAISO (1)
74474017	JARDIM COLORADO	14	92.9	REVISAR_80	JARDIM COLORADO (13) | NOVO PLANALTO (1)
74474018	JARDIM COLORADO	33	97.0	REVISAR_95	JARDIM COLORADO (32) | JARDIM COLORADO 1 (1)
74474022	JARDIM COLORADO	9	88.9	REVISAR_80	JARDIM COLORADO (8) | JARDIM VISTA BELA (1)
74474023	JARDIM COLORADO	33	97.0	REVISAR_95	JARDIM COLORADO (32) | PARQUE TREMENDAO (1)
74474024	JARDIM COLORADO	11	54.5	REVISAR_AMBIGUO	JARDIM COLORADO (6) | JARDIM HELLOU (2) | JARDIM VISTA BELA (2) | JARDIM CAMARGO (1)
74474030	VISTA BELA	3	66.7	REVISAR_AMBIGUO	VISTA BELA (2) | JARDIM VISTA BELA (1)
74474031	JARDIM COLORADO	6	83.3	REVISAR_80	JARDIM COLORADO (5) | RESIDENCIAL FORTALEZA (1)
74474038	JARDIM COLORADO	4	50.0	REVISAR_AMBIGUO	JARDIM COLORADO (2) | JARDIM DAS HORTENCIAS (2)
74474040	JARDIM COLORADO	3	66.7	REVISAR_AMBIGUO	JARDIM COLORADO (2) | JARDIM DAS HORTENCIAS (1)
74474041	JARDIM COLORADO	9	88.9	REVISAR_80	JARDIM COLORADO (8) | NOVO PLANALTO (1)
74474047	JARDIM COLORADO	52	98.1	REVISAR_95	JARDIM COLORADO (51) | VILA MUTIRAO (1)
74474048	JARDIM COLORADO	45	95.6	REVISAR_80	JARDIM COLORADO (43) | JARDIM DAS HORTENCIAS (1) | JARDIM VISTA BELA (1)
74474103	JARDIM DAS HORTENCIAS	34	97.1	REVISAR_95	JARDIM DAS HORTENCIAS (33) | PARQUE TREMENDAO (1)
74474108	JARDIM DAS HORTENCIAS	3	66.7	REVISAR_AMBIGUO	JARDIM DAS HORTENCIAS (2) | JARDIM COLORADO (1)
74474110	JARDIM DAS HORTENCIAS	4	75.0	REVISAR_AMBIGUO	JARDIM DAS HORTENCIAS (3) | JARDIM CURITIBA IV (1)
74474114	JARDIM DAS HORTENCIAS	3	66.7	REVISAR_AMBIGUO	JARDIM DAS HORTENCIAS (2) | JARDIM VISTA BELA (1)
74474115	JARDIM DAS HORTENCIAS	10	90.0	REVISAR_80	JARDIM DAS HORTENCIAS (9) | RESIDENCIAL MARINGA (1)
74474119	JARDIM COLORADO	2	50.0	REVISAR_AMBIGUO	JARDIM COLORADO (1) | JARDIM DAS HORTENCIAS (1)
74474123	JARDIM DAS HORTENCIAS	17	94.1	REVISAR_80	JARDIM DAS HORTENCIAS (16) | JARDIM COLORADO (1)
74474129	JARDIM DAS HORTENCIAS	12	91.7	REVISAR_80	JARDIM DAS HORTENCIAS (11) | JARDIM COLORADO (1)
74474136	JARDIM DAS HORTENCIAS	12	91.7	REVISAR_80	JARDIM DAS HORTENCIAS (11) | PARQUE TREMENDAO (1)
74474137	JARDIM DAS HORTENCIAS	7	85.7	REVISAR_80	JARDIM DAS HORTENCIAS (6) | JARDIN DAS HORTENCIAS (1)
74474140	JARDIM DAS HORTENCIAS	25	64.0	REVISAR_AMBIGUO	JARDIM DAS HORTENCIAS (16) | JARDIM CURITIBA IV (2) | PARQUE TREMENDAO (2) | CANDIDA DE MORAES (1) | RESIDENCIAL GREEN PARK (1) | PORTAL DAS HORTENCIAS (1) | JARDIM COLORADO (1) | NOVO PLANALTO (1)
74474200	JARDIM VISTA BELA	42	88.1	REVISAR_80	JARDIM VISTA BELA (37) | JARDIM COLORADO (5)
74474203	JARDIM VISTA BELA	60	90.0	REVISAR_80	JARDIM VISTA BELA (54) | JARDIM LIBERDADE (1) | NOVO PLANALTO (1) | MANSOES PARAISO (1) | VISTA BELA (1) | JARDIM DAS HORTENCIAS (1) | PARQUE TREMENDAO (1)
74474204	JARDIM VISTA BELA	10	90.0	REVISAR_80	JARDIM VISTA BELA (9) | ST MARABA (1)
74474208	JARDIM VISTA BELA	9	88.9	REVISAR_80	JARDIM VISTA BELA (8) | JARDIM COLORADO (1)
74474212	JARDIM VISTA BELA	14	92.9	REVISAR_80	JARDIM VISTA BELA (13) | JARDIM COLORADO (1)
74474250	RESIDENCIAL ANGLO	23	95.7	REVISAR_95	RESIDENCIAL ANGLO (22) | JARDIM COLORADO (1)
74474257	RESIDENCIAL JARDIM COLORADO	4	25.0	REVISAR_AMBIGUO	RESIDENCIAL JARDIM COLORADO (1) | JARDIM COLORADO SUL (1) | RESIDENCIAL ANGLO (1) | JARDIM COLORADO (1)
74474258	JARDIM COLORADO	2	50.0	REVISAR_AMBIGUO	JARDIM COLORADO (1) | RESIDENCIAL ANGLO (1)
74474410	RESIDENCIAL PRIVE NORTE	29	58.6	REVISAR_AMBIGUO	RESIDENCIAL PRIVE NORTE (17) | DOM CONSTANTINO (11) | JARDIM DAS HORTENCIAS (1)
74474415	RESIDENCIAL PRIVE NORTE	18	94.4	REVISAR_80	RESIDENCIAL PRIVE NORTE (17) | JARDIM COLORADO (1)
74474500	JARDIM COLORADO EXTENSAO	5	60.0	REVISAR_AMBIGUO	JARDIM COLORADO EXTENSAO (3) | JARDIM COLORADO (2)
74474505	JARDIM COLORADO	21	57.1	REVISAR_AMBIGUO	JARDIM COLORADO (12) | JARDIM COLORADO EXTENSAO (9)
74474510	JARDIM COLORADO	6	50.0	REVISAR_AMBIGUO	JARDIM COLORADO (3) | JARDIM COLORADO EXTENSAO (2) | PARQUE TREMENDAO (1)
74474555	JARDIM COLORADO	4	50.0	REVISAR_AMBIGUO	JARDIM COLORADO (2) | JARDIM COLORADO SUL (2)
74474605	JARDIM COLORADO	48	68.8	REVISAR_AMBIGUO	JARDIM COLORADO (33) | JARDIM COLORADO I (14) | JARDIM DAS HORTENCIAS (1)
74474615	JARDIM COLORADO	5	60.0	REVISAR_AMBIGUO	JARDIM COLORADO (3) | JARDIM COLORADO I (2)
74474625	JARDIM COLORADO	16	81.2	REVISAR_80	JARDIM COLORADO (13) | JARDIM COLORADO I (3)
74474635	JARDIM COLORADO I	2	50.0	REVISAR_AMBIGUO	JARDIM COLORADO I (1) | JARDIM COLORADO (1)
74474640	JARDIM COLORADO	23	69.6	REVISAR_AMBIGUO	JARDIM COLORADO (16) | JARDIM COLORADO I (6) | NOROESTE (1)
74474645	JARDIM COLORADO	15	73.3	REVISAR_AMBIGUO	JARDIM COLORADO (11) | JARDIM COLORADO I (3) | JARDIM COLORADO L (1)
74474665	JARDIM COLORADO	2	50.0	REVISAR_AMBIGUO	JARDIM COLORADO (1) | JARDIM COLORADO II (1)
74474670	JARDIM COLORADO	6	83.3	REVISAR_80	JARDIM COLORADO (5) | JARDIM COLORADO II (1)
74474705	JARDIM COLORADO	3	66.7	REVISAR_AMBIGUO	JARDIM COLORADO (2) | JARDIM LAGO AZUL (1)
74475009	PARQUE TREMENDAO	12	91.7	REVISAR_80	PARQUE TREMENDAO (11) | NOVO PLANALTO (1)
74475020	PARQUE TREMENDAO	24	95.8	REVISAR_95	PARQUE TREMENDAO (23) | PARQUE TREMENDAO 2 (1)
74475060	PARQUE TREMENDAO	4	75.0	REVISAR_AMBIGUO	PARQUE TREMENDAO (3) | JARDIM LIBERDADE (1)
74475075	PARQUE TREMENDAO	7	42.9	REVISAR_AMBIGUO	PARQUE TREMENDAO (3) | VILAGE NOROESTE (2) | VILLAGE NOROESTE (1) | PARQUE TREMNDAO (1)
74475095	PARQUE TREMENDAO	3	66.7	REVISAR_AMBIGUO	PARQUE TREMENDAO (2) | RESIDENCIAL VALE DOS CARAIBAS (1)
74475122	VILA FINSOCIAL	3	66.7	REVISAR_AMBIGUO	VILA FINSOCIAL (2) | MORADA DO SOL (1)
74475137	MORADA DO SOL	6	83.3	REVISAR_80	MORADA DO SOL (5) | SITIO RECREIO MORADA DO SOL (1)
74475143	MORADA DO SOL	13	92.3	REVISAR_80	MORADA DO SOL (12) | VILA FINSOCIAL (1)
74475400	VILA MUTIRAO II	2	50.0	REVISAR_AMBIGUO	VILA MUTIRAO II (1) | VILA MUTIRAO (1)
74475405	VILA MUTIRAO	5	60.0	REVISAR_AMBIGUO	VILA MUTIRAO (3) | VILA MUTIRAO II (2)
74475410	VILA MUTIRAO	15	73.3	REVISAR_AMBIGUO	VILA MUTIRAO (11) | VILA MUTIRAO II (2) | JARDIM LIBERDADE (2)
74475415	VILA MUTIRAO II	3	66.7	REVISAR_AMBIGUO	VILA MUTIRAO II (2) | VILA MUTIRAO (1)
74475417	VILA MUTIRAO II	3	66.7	REVISAR_AMBIGUO	VILA MUTIRAO II (2) | VILA MUTIRAO (1)
74475420	VILA MUTIRAO II	18	50.0	REVISAR_AMBIGUO	VILA MUTIRAO II (9) | VILA MUTIRAO (7) | JARDIM LIBERDADE (2)
74475425	VILA MUTIRAO	3	66.7	REVISAR_AMBIGUO	VILA MUTIRAO (2) | VILA MUTIRAO II (1)
74475430	VILA MUTIRAO	4	75.0	REVISAR_AMBIGUO	VILA MUTIRAO (3) | VILA MUTIRAO II (1)
74475440	VILA MUTIRAO	9	77.8	REVISAR_AMBIGUO	VILA MUTIRAO (7) | VILA MUTIRAO II (2)
74475450	VILA MUTIRAO	10	60.0	REVISAR_AMBIGUO	VILA MUTIRAO (6) | VILA MUTIRAO II (3) | JARDIM LIBERDADE (1)
74475455	VILA MUTIRAO	5	60.0	REVISAR_AMBIGUO	VILA MUTIRAO (3) | VILA MUTIRAO II (2)
74475460	VILA MUTIRAO	30	56.7	REVISAR_AMBIGUO	VILA MUTIRAO (17) | VILA MUTIRAO II (9) | JARDIM LIBERDADE (4)
74475463	JARDIM LIBERDADE	9	55.6	REVISAR_AMBIGUO	JARDIM LIBERDADE (5) | VILA MUTIRAO II (4)
74475465	VILA MUTIRAO	6	50.0	REVISAR_AMBIGUO	VILA MUTIRAO (3) | VILA MUTIRAO II (2) | JARDIM LIBERDADE (1)
74475467	VILA MUTIRAO	7	71.4	REVISAR_AMBIGUO	VILA MUTIRAO (5) | JARDIM LIBERDADE (2)
74475470	VILA MUTIRAO	17	64.7	REVISAR_AMBIGUO	VILA MUTIRAO (11) | VILA MUTIRAO II (6)
74475475	VILA MUTIRAO	16	62.5	REVISAR_AMBIGUO	VILA MUTIRAO (10) | VILA MUTIRAO II (6)
74475485	JARDIM LIBERDADE	2	50.0	REVISAR_AMBIGUO	JARDIM LIBERDADE (1) | VILA MUTIRAO (1)
74475520	JARDIM LIBERDADE	47	91.5	REVISAR_80	JARDIM LIBERDADE (43) | VILA MUTIRAO (4)
74475530	JARDIM LIBERDADE	43	97.7	REVISAR_95	JARDIM LIBERDADE (42) | LIBERDADE (1)
74475540	JARDIM LIBERDADE	16	87.5	REVISAR_80	JARDIM LIBERDADE (14) | VILA MUTIRAO (2)
74475550	JARDIM LIBERDADE	24	95.8	REVISAR_95	JARDIM LIBERDADE (23) | PERIM (1)
74475580	JARDIM LIBERDADE	38	89.5	REVISAR_80	JARDIM LIBERDADE (34) | VILA MUTIRAO (2) | JARDIM VISTA BELA (1) | RESIDENCIAL FORTALEZA (1)
74475610	JARDIM LIBERDADE	27	96.3	REVISAR_95	JARDIM LIBERDADE (26) | NOVO PLANALTO (1)
74475630	JARDIM LIBERDADE	4	75.0	REVISAR_AMBIGUO	JARDIM LIBERDADE (3) | VILA MUTIRAO (1)
74475660	JARDIM LIBERDADE	77	96.1	REVISAR_95	JARDIM LIBERDADE (74) | VILA MUTIRAO (3)
74475680	JARDIM LIBERDADE	10	90.0	REVISAR_80	JARDIM LIBERDADE (9) | NOVO PLANALTO (1)
74475802	PARQUE TREMENDAO	9	77.8	REVISAR_AMBIGUO	PARQUE TREMENDAO (7) | PARQUE TREMENDAO 2 (1) | TREMENDAO (1)
74476030	RESIDENCIAL FORTALEZA	11	90.9	REVISAR_80	RESIDENCIAL FORTALEZA (10) | DA VITORIA (1)
74476065	RESIDENCIAL FORTALEZA	7	71.4	REVISAR_AMBIGUO	RESIDENCIAL FORTALEZA (5) | NOVO PLANALTO (1) | JARDIM LIBERDADE (1)
74476100	RESIDENCIAL FORTALEZA	3	66.7	REVISAR_AMBIGUO	RESIDENCIAL FORTALEZA (2) | CONDOMINIO TERRA NOVA (1)
74476110	RESIDENCIAL FORTALEZA	9	66.7	REVISAR_AMBIGUO	RESIDENCIAL FORTALEZA (6) | JARDIM LIBERDADE (2) | VILA MUTIRAO (1)
74477009	SAO CARLOS	2	50.0	REVISAR_AMBIGUO	SAO CARLOS (1) | DA VITORIA (1)
74477010	DA VITORIA	4	50.0	REVISAR_AMBIGUO	DA VITORIA (2) | CONDOMINIO TERRA NOVA (1) | RESERVA CAMPO BELO (1)
74477012	DA VITORIA	10	60.0	REVISAR_AMBIGUO	DA VITORIA (6) | JARDIM NOVA ESPERANCA (2) | CANDIDA DE MORAES (1) | SAO CARLOS (1)
74477076	SAO CARLOS	4	75.0	REVISAR_AMBIGUO	SAO CARLOS (3) | DA VITORIA (1)
74477088	SAO CARLOS	14	92.9	REVISAR_80	SAO CARLOS (13) | JARDIM NOVA ESPERANCA (1)
74480000	COLORADO	4	25.0	REVISAR_AMBIGUO	COLORADO (1) | CAPUAVA (1) | JARDIM NOVO MUNDO (1) | JARDIM COLORADO (1)
74480020	VILA MUTIRAO	3	66.7	REVISAR_AMBIGUO	VILA MUTIRAO (2) | JARDIM LIBERDADE (1)
74480030	JARDIM LIBERDADE	41	95.1	REVISAR_95	JARDIM LIBERDADE (39) | VILA MUTIRAO (2)
74480040	VILA MUTIRAO	9	66.7	REVISAR_AMBIGUO	VILA MUTIRAO (6) | VILA MUTIRAO I (3)
74480060	NOVO PLANALTO	55	94.5	REVISAR_80	NOVO PLANALTO (52) | VILA MUTIRAO (1) | JARDIM NOVA ESPERANCA (1) | MANSOES PARAISO (1)
74480070	JARDIM LIBERDADE	29	82.8	REVISAR_80	JARDIM LIBERDADE (24) | NOVO PLANALTO (3) | VILA MUTIRAO (2)
74480110	VILA MUTIRAO	29	44.8	REVISAR_AMBIGUO	VILA MUTIRAO (13) | VILA MUTIRAO I (10) | JARDIM LIBERDADE (5) | JARDIM CURITIBA IV (1)
74480120	VILA MUTIRAO I	13	53.8	REVISAR_AMBIGUO	VILA MUTIRAO I (7) | VILA MUTIRAO (5) | CURITIBA 4 (1)
74480140	VILA MUTIRAO	14	64.3	REVISAR_AMBIGUO	VILA MUTIRAO (9) | VILA MUTIRAO I (4) | JARDIM LIBERDADE (1)
74480150	VILA MUTIRAO I	18	50.0	REVISAR_AMBIGUO	VILA MUTIRAO I (9) | VILA MUTIRAO (8) | JARDIM LIBERDADE (1)
74480160	VILA MUTIRAO I	22	54.5	REVISAR_AMBIGUO	VILA MUTIRAO I (12) | VILA MUTIRAO (10)
74480170	VILA MUTIRAO	20	65.0	REVISAR_AMBIGUO	VILA MUTIRAO (13) | VILA MUTIRAO I (7)
74480180	VILA MUTIRAO	26	61.5	REVISAR_AMBIGUO	VILA MUTIRAO (16) | VILA MUTIRAO I (9) | VILA MULTIRAO I (1)
74480190	VILA MUTIRAO	5	60.0	REVISAR_AMBIGUO	VILA MUTIRAO (3) | VILA MULTIRAO (1) | VILA MUTIRAO I (1)
74480230	VILA MUTIRAO	16	62.5	REVISAR_AMBIGUO	VILA MUTIRAO (10) | VILA MUTIRAO I (6)
74480240	VILA MUTIRAO I	27	51.9	REVISAR_AMBIGUO	VILA MUTIRAO I (14) | VILA MUTIRAO (11) | CANDIDA DE MORAIS (1) | NOVO PLANALTO (1)
74480250	VILA MUTIRAO	27	55.6	REVISAR_AMBIGUO	VILA MUTIRAO (15) | VILA MUTIRAO I (10) | JARDIM LIBERDADE (1) | VILA MULTIRAO (1)
74480260	VILA MUTIRAO	29	55.2	REVISAR_AMBIGUO	VILA MUTIRAO (16) | VILA MUTIRAO I (12) | RESIDENCIAL GREEN PARK (1)
74480270	VILA MUTIRAO	20	50.0	REVISAR_AMBIGUO	VILA MUTIRAO (10) | VILA MUTIRAO I (9) | JARDIM LIBERDADE (1)
74480280	VILA MUTIRAO I	20	50.0	REVISAR_AMBIGUO	VILA MUTIRAO I (10) | VILA MUTIRAO (9) | NOVO PLANALTO (1)
74480282	VILA MUTIRAO	8	75.0	REVISAR_AMBIGUO	VILA MUTIRAO (6) | VILA MUTIRAO I (2)
74480290	VILA MUTIRAO	5	60.0	REVISAR_AMBIGUO	VILA MUTIRAO (3) | VILA MUTIRAO I (1) | PERIM (1)
74480300	VILA MUTIRAO I	15	60.0	REVISAR_AMBIGUO	VILA MUTIRAO I (9) | VILA MUTIRAO (4) | VILA MULTIRAO (1) | VILA MUTIRAO 1 (1)
74480310	VILA MUTIRAO I	7	57.1	REVISAR_AMBIGUO	VILA MUTIRAO I (4) | VILA MUTIRAO (1) | JARDIM LIBERDADE (1) | NOVO PLANALTO (1)
74480320	JARDIM LIBERDADE	9	44.4	REVISAR_AMBIGUO	JARDIM LIBERDADE (4) | VILA MUTIRAO (4) | VILA MUTIRAO I (1)
74480330	NOVO PLANALTO	45	97.8	REVISAR_95	NOVO PLANALTO (44) | JARDIM COLORADO (1)
74480340	NOVO PLANALTO	41	97.6	REVISAR_95	NOVO PLANALTO (40) | JARDIM COLORADO (1)
74480350	NOVO PLANALTO	52	96.2	REVISAR_80	NOVO PLANALTO (50) | JARDIM COLORADO (1) | CANDIDA DE MORAES (1)
74480355	NOVO PLANALTO	47	97.9	REVISAR_95	NOVO PLANALTO (46) | JARDIM VISTA BELA (1)
74480382	NOVO PLANALTO	19	89.5	REVISAR_80	NOVO PLANALTO (17) | RESIDENCIAL PRIVE NORTE (1) | VILA MARTINS (1)
74480387	NOVO PLANALTO	3	66.7	REVISAR_AMBIGUO	NOVO PLANALTO (2) | PERIM (1)
74480390	NOVO PLANALTO	29	96.6	REVISAR_95	NOVO PLANALTO (28) | JARDIM COLORADO (1)
74480430	JARDIM CURITIBA IV	23	78.3	REVISAR_AMBIGUO	JARDIM CURITIBA IV (18) | JARDIM CURITIBA (4) | JARDIM LIBERDADE (1)
74480440	JARDIM CURITIBA IV	17	82.4	REVISAR_80	JARDIM CURITIBA IV (14) | JARDIM CURITIBA (3)
74480450	JARDIM CURITIBA IV	40	75.0	REVISAR_AMBIGUO	JARDIM CURITIBA IV (30) | JARDIM CURITIBA (10)
74480460	JARDIM CURITIBA IV	15	60.0	REVISAR_AMBIGUO	JARDIM CURITIBA IV (9) | JARDIM CURITIBA (5) | PARQUE MARACANA (1)
74480470	JARDIM CURITIBA	7	57.1	REVISAR_AMBIGUO	JARDIM CURITIBA (4) | JARDIM CURITIBA IV (2) | JARDIM CURITIBA I (1)
74480480	JARDIM CURITIBA IV	3	66.7	REVISAR_AMBIGUO	JARDIM CURITIBA IV (2) | JARDIM CURITIBA (1)
74480485	JARDIM CURITIBA	6	50.0	REVISAR_AMBIGUO	JARDIM CURITIBA (3) | JARDIM CURITIBA LV (1) | JARDIM VISTA BELA (1) | JARDIM CURITIBA IV (1)
74480500	JARDIM CURITIBA IV	5	80.0	REVISAR_80	JARDIM CURITIBA IV (4) | JARDIM CURITIBA (1)
74480510	JARDIM CURITIBA IV	2	50.0	REVISAR_AMBIGUO	JARDIM CURITIBA IV (1) | JARDIM CURITIBA (1)
74480520	JARDIM CURITIBA IV	11	90.9	REVISAR_80	JARDIM CURITIBA IV (10) | JARDIM CURITIBA (1)
74480530	JARDIM CURITIBA IV	17	88.2	REVISAR_80	JARDIM CURITIBA IV (15) | JARDIM CURITIBA (2)
74480540	JARDIM CURITIBA IV	6	83.3	REVISAR_80	JARDIM CURITIBA IV (5) | JARDIM CURITIBA (1)
74480550	JARDIM CURITIBA IV	6	66.7	REVISAR_AMBIGUO	JARDIM CURITIBA IV (4) | JARDIM CURITIBA (2)
74480560	JARDIM CURITIBA IV	14	64.3	REVISAR_AMBIGUO	JARDIM CURITIBA IV (9) | JARDIM CURITIBA (5)
74480570	JARDIM CURITIBA IV	10	80.0	REVISAR_80	JARDIM CURITIBA IV (8) | JARDIM CURITIBA (2)
74480590	JARDIM CURITIBA IV	6	66.7	REVISAR_AMBIGUO	JARDIM CURITIBA IV (4) | RESIDENCIAL FORTALEZA (1) | JARDIM CURITIBA (1)
74480600	JARDIM CURITIBA IV	2	50.0	REVISAR_AMBIGUO	JARDIM CURITIBA IV (1) | JARDIM CURITIBA (1)
74480610	JARDIM CURITIBA	5	40.0	REVISAR_AMBIGUO	JARDIM CURITIBA (2) | JARDIM CURITIBA IV (2) | PARQUE TREMENDAO (1)
74480620	JARDIM CURITIBA IV	8	75.0	REVISAR_AMBIGUO	JARDIM CURITIBA IV (6) | JARDIM CURITIBA (2)
74480640	JARDIM CURITIBA IV	5	60.0	REVISAR_AMBIGUO	JARDIM CURITIBA IV (3) | JARDIM CURITIBA (2)
74480650	JARDIM CURITIBA IV	30	63.3	REVISAR_AMBIGUO	JARDIM CURITIBA IV (19) | JARDIM CURITIBA (8) | JARDIM LIBERDADE (1) | SAO CARLOS (1) | VILA MUTIRAO (1)
74480660	JARDIM CURITIBA IV	11	72.7	REVISAR_AMBIGUO	JARDIM CURITIBA IV (8) | JARDIM CURITIBA (3)
74480710	MANSOES PARAISO	2	50.0	REVISAR_AMBIGUO	MANSOES PARAISO (1) | JARDIM CURITIBA (1)
74480720	MANSOES PARAISO	2	50.0	REVISAR_AMBIGUO	MANSOES PARAISO (1) | JARDIM CURITIBA II (1)
74480800	JARDIM CURITIBA IV	11	45.5	REVISAR_AMBIGUO	JARDIM CURITIBA IV (5) | JARDIM CURITIBA (2) | JARDIM CURITIBA 3 (1) | VILA MUTIRAO (1) | JARDIM CURITIBA II (1) | JARDIM CURITIBA 2 (1)
74481030	JARDIM CURITIBA IV	2	50.0	REVISAR_AMBIGUO	JARDIM CURITIBA IV (1) | JARDIM CURITIBA 2 (1)
74481220	JARDIM CURITIBA	2	50.0	REVISAR_AMBIGUO	JARDIM CURITIBA (1) | JARDIM CURITIBA 2 (1)
74481580	JARDIM CURITIBA	4	75.0	REVISAR_AMBIGUO	JARDIM CURITIBA (3) | JARDIM CURITIBA 2 (1)
74481615	RESIDENCIAL GREEN PARK	5	80.0	REVISAR_80	RESIDENCIAL GREEN PARK (4) | VILA MUTIRAO (1)
74481620	RESIDENCIAL GREEN PARK	7	71.4	REVISAR_AMBIGUO	RESIDENCIAL GREEN PARK (5) | VILA MUTIRAO (1) | GREEN PARK (1)
74481640	RESIDENCIAL GREEN PARK	12	83.3	REVISAR_80	RESIDENCIAL GREEN PARK (10) | VILA MUTIRAO (1) | RES GREEN PARK (1)
74481700	MANSOES PARAISO	32	62.5	REVISAR_AMBIGUO	MANSOES PARAISO (20) | RESIDENCIAL MANSOES PARAISO (12)
74481705	MANSOES PARAISO	48	70.8	REVISAR_AMBIGUO	MANSOES PARAISO (34) | RESIDENCIAL MANSOES PARAISO (13) | MANCOES PARAISO (1)
74481710	MANSOES PARAISO	45	62.2	REVISAR_AMBIGUO	MANSOES PARAISO (28) | RESIDENCIAL MANSOES PARAISO (17)
74481715	MANSOES PARAISO	50	54.0	REVISAR_AMBIGUO	MANSOES PARAISO (27) | RESIDENCIAL MANSOES PARAISO (21) | RESIDENCIAL MANSOES DO PARAISO (1) | JARDIM CURITIBA IV (1)
74481720	MANSOES PARAISO	13	61.5	REVISAR_AMBIGUO	MANSOES PARAISO (8) | RESIDENCIAL MANSOES PARAISO (3) | NOVO PLANALTO (2)
74481725	MANSOES PARAISO	13	61.5	REVISAR_AMBIGUO	MANSOES PARAISO (8) | RESIDENCIAL MANSOES PARAISO (5)
74481730	MANSOES PARAISO	14	71.4	REVISAR_AMBIGUO	MANSOES PARAISO (10) | RESIDENCIAL MANSOES PARAISO (4)
74481755	MANSOES PARAISO	4	75.0	REVISAR_AMBIGUO	MANSOES PARAISO (3) | RESIDENCIAL MANSOES PARAISO (1)
74483030	PARQUE INDUSTRIAL JOAO BRAZ	4	75.0	REVISAR_AMBIGUO	PARQUE INDUSTRIAL JOAO BRAZ (3) | PARQUE INDUSTRIAL JOAO BRAZ QD 70 LT 12 CASA 01 (1)
74484080	SOLANGE PARK I	9	88.9	REVISAR_80	SOLANGE PARK I (8) | SOLANGE PARK 3 (1)
74484140	SOLANGE PARK I	3	66.7	REVISAR_AMBIGUO	SOLANGE PARK I (2) | SOLANGE PARK 1 (1)
74484150	SOLANGE PARK I	4	75.0	REVISAR_AMBIGUO	SOLANGE PARK I (3) | SOLANGE PARK 1 (1)
74484160	SOLANGE PARK I	4	75.0	REVISAR_AMBIGUO	SOLANGE PARK I (3) | GREEN PARK (1)
74484304	SOLANGE PARK II	6	83.3	REVISAR_80	SOLANGE PARK II (5) | SOLANGE PARK I (1)
74484360	SOLANGE PARK III	3	66.7	REVISAR_AMBIGUO	SOLANGE PARK III (2) | SOLANGE PARK I (1)
74484400	RESIDENCIAL GOIANIA VIVA	6	66.7	REVISAR_AMBIGUO	RESIDENCIAL GOIANIA VIVA (4) | RESIDENCIAL GOI NIA VIVA (2)
74484409	RESIDENCIAL GOIANIA VIVA	6	50.0	REVISAR_AMBIGUO	RESIDENCIAL GOIANIA VIVA (3) | RESIDENCIAL GOI NIA VIVA (2) | RESIDENCIAL GOANIA VIVA (1)
74484410	RESIDENCIAL GOI NIA VIVA	14	57.1	REVISAR_AMBIGUO	RESIDENCIAL GOI NIA VIVA (8) | RESIDENCIAL GOIANIA VIVA (6)
74484413	RESIDENCIAL GOIANIA VIVA	4	50.0	REVISAR_AMBIGUO	RESIDENCIAL GOIANIA VIVA (2) | RESIDENCIAL GOIANIA VIAV (1) | RESIDENCIAL GOI NIA VIVA (1)
74484414	RESIDENCIAL GOI NIA VIVA	13	53.8	REVISAR_AMBIGUO	RESIDENCIAL GOI NIA VIVA (7) | RESIDENCIAL GOIANIA VIVA (5) | RESIDENCIAL GOINIA VIVA (1)
74484415	RESIDENCIAL GOI NIA VIVA	4	75.0	REVISAR_AMBIGUO	RESIDENCIAL GOI NIA VIVA (3) | RESIDENCIAL GOIANIA VIVA (1)
74484416	RESIDENCIAL GOIANIA VIVA	4	50.0	REVISAR_AMBIGUO	RESIDENCIAL GOIANIA VIVA (2) | RESIDENCIAL GOI NIA VIVA (2)
74484418	RESIDENCIAL GOIANIA VIVA	9	66.7	REVISAR_AMBIGUO	RESIDENCIAL GOIANIA VIVA (6) | RESIDENCIAL GOI NIA VIVA (3)
74484420	RESIDENCIAL GOIANIA VIVA	4	75.0	REVISAR_AMBIGUO	RESIDENCIAL GOIANIA VIVA (3) | GOIANIA VIVA (1)
74484422	RESIDENCIAL GOI NIA VIVA	5	60.0	REVISAR_AMBIGUO	RESIDENCIAL GOI NIA VIVA (3) | RESIDENCIAL GOIANIA VIVA (2)
74484423	RESIDENCIAL GOIANIA VIVA	8	62.5	REVISAR_AMBIGUO	RESIDENCIAL GOIANIA VIVA (5) | RESIDENCIAL GOI NIA VIVA (3)
74484427	RESIDENCIAL GOIANIA VIVA	9	55.6	REVISAR_AMBIGUO	RESIDENCIAL GOIANIA VIVA (5) | RESIDENCIAL GOI NIA VIVA (3) | RESIDENCIAL GOINIA VIVA (1)
74484431	RESIDENCIAL GOI NIA VIVA	9	66.7	REVISAR_AMBIGUO	RESIDENCIAL GOI NIA VIVA (6) | RESIDENCIAL GOIANIA VIVA (3)
74484432	RESIDENCIAL GOI NIA VIVA	5	60.0	REVISAR_AMBIGUO	RESIDENCIAL GOI NIA VIVA (3) | RESIDENCIAL GOIANIA VIVA (2)
74484433	RESIDENCIAL GOI NIA VIVA	6	83.3	REVISAR_80	RESIDENCIAL GOI NIA VIVA (5) | RESIDENCIAL GOIANIA VIVA (1)
74484435	RESIDENCIAL GOIANIA VIVA	2	50.0	REVISAR_AMBIGUO	RESIDENCIAL GOIANIA VIVA (1) | RESIDENCIAL GOI NIA VIVA (1)
74484444	RESIDENCIAL GOIANIA VIVA	8	50.0	REVISAR_AMBIGUO	RESIDENCIAL GOIANIA VIVA (4) | RESIDENCIAL GOI NIA VIVA (3) | RESIDENCIAL GOINIA VIVA (1)
74485260	GOIA	3	66.7	REVISAR_AMBIGUO	GOIA (2) | TROPICAL VERDE (1)
74485365	GOIA	3	66.7	REVISAR_AMBIGUO	GOIA (2) | JARDIM MIRABEL (1)
74485370	GOIA	6	66.7	REVISAR_AMBIGUO	GOIA (4) | JARDIM MIRABEL (2)
74486310	SOLANGE PARQUE COMPLEMENTO	4	75.0	REVISAR_AMBIGUO	SOLANGE PARQUE COMPLEMENTO (3) | SOLANGE PARQUE (1)
74487005	RESIDENCIAL SAO MARCOS	3	66.7	REVISAR_AMBIGUO	RESIDENCIAL SAO MARCOS (2) | MARABA (1)
74487150	RESIDENCIAL SAO MARCOS	5	80.0	REVISAR_80	RESIDENCIAL SAO MARCOS (4) | MARABA (1)
74491130	RESIDENCIAL ANA MORAES	5	80.0	REVISAR_80	RESIDENCIAL ANA MORAES (4) | RESIDENCIAL ANA MORAIS (1)
74491469	RESIDENCIAL MUNDO NOVO 3	2	50.0	REVISAR_AMBIGUO	RESIDENCIAL MUNDO NOVO 3 (1) | JARDIM NOVO MUNDO (1)
74492030	RESIDENCIAL SERRA AZUL ETAPA I	3	66.7	REVISAR_AMBIGUO	RESIDENCIAL SERRA AZUL ETAPA I (2) | RESIDENCIAL SERRA AZUL (1)
74492706	JARDIM MIRABEL	2	50.0	REVISAR_AMBIGUO	JARDIM MIRABEL (1) | FAZENDA SANTA RITA QUADRA 01 (1)
74493060	CONJUNTO VERA CRUZ	4	75.0	REVISAR_AMBIGUO	CONJUNTO VERA CRUZ (3) | MONTE PASCOAL (1)
74493750	CONJUNTO VERA CRUZ	2	50.0	REVISAR_AMBIGUO	CONJUNTO VERA CRUZ (1) | CONJUNTO VERA CRUZ 2 (1)
74495290	CONJUNTO VERA CRUZ	2	50.0	REVISAR_AMBIGUO	CONJUNTO VERA CRUZ (1) | CONJUNTO VERA CRUZ 2 (1)
74495440	CONJUNTO VERA CRUZ II 7 ETAPA	2	50.0	REVISAR_AMBIGUO	CONJUNTO VERA CRUZ II 7 ETAPA (1) | CONJUNTO VERA CRUZ (1)
74495600	CONJUNTO VERA CRUZ	2	50.0	REVISAR_AMBIGUO	CONJUNTO VERA CRUZ (1) | CONJUNTO VERA CRUZ II (1)
74555556	ALBINO BOAVENTURA	5	60.0	REVISAR_AMBIGUO	ALBINO BOAVENTURA (3) | RESIDENCIAL SENADOR ALBINO BOAVENTURA (1) | RESIDENCIAL ALBINO BOAVENTURA (1)
74555557	ALBINO BOAVENTURA	13	69.2	REVISAR_AMBIGUO	ALBINO BOAVENTURA (9) | RESIDENCIAL SENADOR ALBINO BOAVENTURA (3) | ALBINO BOA VENTURA (1)
74555558	ALBINO BOAVENTURA	21	52.4	REVISAR_AMBIGUO	ALBINO BOAVENTURA (11) | RESIDENCIAL SENADOR ALBINO BOAVENTURA (8) | RESIDENCIAL ALBINO BOAVENTURA (2)
74555559	RESIDENCIAL SENADOR ALBINO BOAVENTURA	11	45.5	REVISAR_AMBIGUO	RESIDENCIAL SENADOR ALBINO BOAVENTURA (5) | ALBINO BOAVENTURA (5) | RESIDENCIAL ALBINO BOAVENTURA (1)
74555561	ALBINO BOAVENTURA	2	50.0	REVISAR_AMBIGUO	ALBINO BOAVENTURA (1) | MARABA (1)
74573370	SEVENE	4	75.0	REVISAR_AMBIGUO	SEVENE (3) | RESIDENCIAL HUGO DE MORAES (1)
74573387	RESIDENCIAL HUGO DE MORAES	3	66.7	REVISAR_AMBIGUO	RESIDENCIAL HUGO DE MORAES (2) | HUGO DE MORAIS (1)
74573388	RESIDENCIAL HUGO DE MORAES	3	66.7	REVISAR_AMBIGUO	RESIDENCIAL HUGO DE MORAES (2) | HUGO MORAES (1)
74573391	RESIDENCIAL HUGO DE MORAES	3	66.7	REVISAR_AMBIGUO	RESIDENCIAL HUGO DE MORAES (2) | RESIDENCIAL HUGO DE MORAIS (1)
74573393	RESIDENCIAL HUGO DE MORAES	3	66.7	REVISAR_AMBIGUO	RESIDENCIAL HUGO DE MORAES (2) | HUGO MORAES (1)
74573426	RESIDENCIA GUAREMA	2	50.0	REVISAR_AMBIGUO	RESIDENCIA GUAREMA (1) | RESIDENCIAL GUAREMA (1)
74580270	PERIM	4	75.0	REVISAR_AMBIGUO	PERIM (3) | PROGRESSO (1)
74580860	PERIM	5	60.0	REVISAR_AMBIGUO	PERIM (3) | PERIM CONTINUACAO (2)
74583055	VILA MARIA DILCE	3	66.7	REVISAR_AMBIGUO	VILA MARIA DILCE (2) | VILA CRISTINA (1)
74583070	VILA CRISTINA	3	33.3	REVISAR_AMBIGUO	VILA CRISTINA (1) | MARIA DILCE (1) | VILA MARIA DILCE (1)
74583100	VILA MARIA DILCE	17	94.1	REVISAR_80	VILA MARIA DILCE (16) | MARIA DILCE (1)
74583290	MARABA	3	66.7	REVISAR_AMBIGUO	MARABA (2) | NOROESTE (1)
74583715	JARDIM GRAMADO	11	81.8	REVISAR_80	JARDIM GRAMADO (9) | VILA MARIA DILCE (1) | VILA CRISTINA (1)
74584060	VILA CRISTINA	3	66.7	REVISAR_AMBIGUO	VILA CRISTINA (2) | MARIA DILCE (1)
74584120	VILA CRISTINA	6	83.3	REVISAR_80	VILA CRISTINA (5) | VILA MARIA DILCE (1)
74584230	VILA CRISTINA	6	66.7	REVISAR_AMBIGUO	VILA CRISTINA (4) | VILA CRISTINA CONTINUACAO (2)
74705240	JARDIM NOVO MUNDO	7	85.7	REVISAR_80	JARDIM NOVO MUNDO (6) | JD NOVO MUNDO (1)
74710110	JARDIM NOVO MUNDO	9	88.9	REVISAR_80	JARDIM NOVO MUNDO (8) | JARDIM EMANUELE (1)
74710160	JARDIM NOVO MUNDO	4	75.0	REVISAR_AMBIGUO	JARDIM NOVO MUNDO (3) | VILA MARIA LUIZA (1)
74710260	JARDIM NOVO MUNDO	115	96.5	REVISAR_80	JARDIM NOVO MUNDO (111) | JARDIM EMANUELI (1) | JD EMANUELLE NOVO MUNDO (1) | JARDIM NOVO MUNDO 3 (1) | RESID EMANUELLI JARDIM NOVO MUNDO (1)
74711020	VILA BANDEIRANTE	3	66.7	REVISAR_AMBIGUO	VILA BANDEIRANTE (2) | JARDIM NOVO MUNDO (1)
74713440	JARDIM NOVO MUNDO	7	85.7	REVISAR_80	JARDIM NOVO MUNDO (6) | RESIDENCIAL JARDIM EMANUELE (1)
74720200	VILA MARIA LUIZA	5	80.0	REVISAR_80	VILA MARIA LUIZA (4) | MARIA LUIZA (1)
74723100	JARDIM BRASIL	2	50.0	REVISAR_AMBIGUO	JARDIM BRASIL (1) | AGUA BRANCA (1)
74730140	CONJUNTO RIVIERA	2	50.0	REVISAR_AMBIGUO	CONJUNTO RIVIERA (1) | CONJUNTO RIVIEIRA (1)
74740180	CONJUNTO RESIDENCIAL ARUANA I	2	50.0	REVISAR_AMBIGUO	CONJUNTO RESIDENCIAL ARUANA I (1) | CONJUNTO ARUANA I (1)
74740440	CONJUNTO RESIDENCIAL ARUANA III	2	50.0	REVISAR_AMBIGUO	CONJUNTO RESIDENCIAL ARUANA III (1) | RESIDENCIAL ARUANA III (1)
74805100	JARDIM NOVA ESPERANCA	12	25.0	REVISAR_AMBIGUO	JARDIM NOVA ESPERANCA (3) | JARDIM NOVO MUNDO (3) | VILA MUTIRAO (2) | JARDIM CURITIBA IV (1) | ALBINO BOAVENTURA (1) | RESIDENCIAL FORTALEZA (1) | CAPUAVA (1)
74805180	JARDIM VISTA BELA	2	50.0	REVISAR_AMBIGUO	JARDIM VISTA BELA (1) | JARDIM NOVO MUNDO (1)
74850580	VALE DOS CARAIBAS	2	50.0	REVISAR_AMBIGUO	VALE DOS CARAIBAS (1) | PARQUE TREMENDAO (1)
75000000	JARDIM NOVA ESPERANCA	6	50.0	REVISAR_AMBIGUO	JARDIM NOVA ESPERANCA (3) | JARDIM LIBERDADE (1) | 14 BIS (1) | SAO CARLOS (1)
75712460	SAO JOSE	2	50.0	REVISAR_AMBIGUO	SAO JOSE (1) | VILA SAO JOSE (1)
