CEP	CLIENTES	CATEGORIA	BAIRRO_CANDIDATO	PERCENTUAL	QTD_FAMILIAS	SIMILARIDADE	FAMILIAS	ORIGINAIS
57200000	3	05_BAIRROS_DIFERENTES_REVISAR	CENTRO	66.7	2	0.400	CENTRO (2) | DOM COSTANTINO (1)	CENTRO (2) | DOM COSTANTINO (1)
70000000	12	06_CEP_AMBIGUO	JARDIM COLORADO	16.7	10	0.143	JARDIM COLORADO (2) | VILA SAO JOSE (2) | JARDIM NOVO MUNDO (1) | VILA MARIA DILCE (1) | VILA MUTIRAO 1 (1) | JARDIM DAS HORTENCIAS (1) | MORADA DO SOL (1) | CANDIDA DE MORAIS (1) | JARDIM HELLOU (1) | PROGRESSO (1)	JARDIM COLORADO (2) | Vila São José (2) | JARDIM NOVO MUNDO (1) | VILA MARIA DILCE (1) | VILA MUTIRÃO 1 (1) | JARDIM DAS HORTENCIAS (1) | MORADA DO SOL (1) | SETOR CANDIDA DE MORAIS (1) | JARDIM HELLOU (1) | SETOR PROGRESSO (1)
74000000	4180	06_CEP_AMBIGUO	JARDIM NOVA ESPERANCA	14.6	127	0.632	JARDIM NOVA ESPERANCA (612) | JARDIM NOVO MUNDO (405) | JARDIM COLORADO (341) | JARDIM LIBERDADE (283) | VILA MUTIRAO (246) | NOVO PLANALTO (195) | JARDIM DAS HORTENCIAS (181) | SANTOS DUMONT (165) | JARDIM CURITIBA IV (131) | MANSOES PARAISO (109) | JARDIM VISTA BELA (102) | CANDIDA DE MORAES (100) | VILA SAO JOSE (90) | VILA JOAO VAZ (69) | SAO CARLOS (68) | CAPUAVA (67) | DA VITORIA (52) | PARQUE TREMENDAO (50) | RESIDENCIAL FORTALEZA (43) | JARDIM PETROPOLIS (42) | VILA FINSOCIAL (42) | NOROESTE (40) | AEROVIARIO (40) | MARABA (39) | RESIDENCIAL PRIVE NORTE (38) | RESIDENCIAL MARINGA (34) | VILA REGINA (34) | NOVO MUNDO (31) | MORADA DO SOL (30) | RESIDENCIAL GREEN PARK (28) | ALBINO BOAVENTURA (27) | PERIM (26) | PROGRESSO (25) | JARDIM CLARISSA (22) | JARDIM HELLOU (20) | VILA CRISTINA (18) | JARDIM GRAMADO (17) | VILA MORAIS (17) | VILA MARIA DILCE (17) | BARRA DA TIJUCA (17) | VILA MARIA LUIZA (15) | JARDIM BONANZA (13) | CANDIDA DE MORAIS (13) | JARDIM CAMARGO (12) | RESIDENCIAL ITAMARACA (11) | RESIDENCIAL ANGLO (10) | AGUA BRANCA (9) | JD NOVA ESPERANCA (9) | RESIDENCIAL 14 BIS (8) | RESIDENCIAL HUGO DE MORAES (8) | VILA MUTIRAO II (8) | ESPLANADA DO ANICUNS (8) | SEVENE (7) | VALE DOS CARAIBAS (7) | SAO JOSE (6) | JARDIM BRASIL (6) | VISTA BELA (6) | VILA MARTINS (5) | RESIDENCIAL MANSOES PARAISO (4) | JD NOVO MUNDO (4) | PQ TREMENDAO (4) | JD DAS HORTENCIAS (3) | VILA MUTIRAO I (3) | RESIDENCIAL VALE DO ARAGUAIA (3) | PARQUE INDUSTRIAL PAULISTA (3) | CONJUNTO RIVIERA (3) | NOVA ESPERANCA (3) | EMPRESARIAL (3) | VILA ROMANA (3) | JARDIM CALIFORNIA (2) | RECREIO SAO JOAQUIM (2) | MANSOES ROSAS DE OURO (2) | JOAO VAZ (2) | CHACARAS MANSOES ROSAS DE OURO (2) | JARDIM HELOU (2) | JD COLORADO (2) | JARDIM CURITIBA II (2) | VALE DAS CARAIBAS (2) | FINSOCIAL (2) | RESIDENCIAL ANGULO (2) | RESIDENCIAL ARUANA (2) | JARDIM NOVO MUNDO II (1) | VALE DO ARAGUAIA (1) | VILA MULTIRAO (1) | JARDIM COLORADO EXTECAO (1) | JARDIM NOVA ESPERANCAA (1) | CONDOMINIO RIO BRANCO (1) | JARDIM EMANUELE (1) | ESTRELA DALVA (1) | NOVO PLALNALTO (1) | CURITIBA I (1) | JARDIM EMANUELY (1) | CAPUAVA RESIDENCIAL PRIVE (1) | JD CALIFORNIA (1) | JD LIBERDADE (1) | JARDIM LAGO AZUL (1) | JARDIM COLORADO EXTENSAO (1) | SAO MARCOS I (1) | JARDIM CALIFONIA (1) | RESIDENCIAL BUENA VISTA 4 (1) | CH RECREIO SAO JOAQUIM (1) | PARQUE TREMEDAO (1) | RESIDENCIAL ALBINO BOAVENTURA (1) | RESIDENCIAL EMANUELE (1) | JD CURITIBA (1) | JARDIM CURITIBA 1 (1) | RESIDENCIAL FLORESTA (1) | PARQUE INDUSTRIAL JOAO BRAZ (1) | JD EMANUELLE NOVO MUNDO (1) | JARDIM CURITIBA 04 (1) | JARDIM CURITIBA III (1) | PARUE TREMENDAO (1) | COLORADO (1) | NOVO MUNDO II (1) | PQ INDUSTRIAL PAULISTA (1) | VILA MORAIS NOVO MUNDO (1) | MARIA LUIZA (1) | CENTRO (1) | RESIDENCIAL ARAGUAIA (1) | CONDOMINIO PORTAL DAS HORTENCIAS (1) | CRIMEIA OESTE (1) | VILA MARTINS EXTENSAO NOVO MUNDO (1) | JARDIM NOVO PETROPOLIS (1) | JD NOVO PETROPOLIS (1) | JARDIM CURITIBA I (1) | PARQUE MARACANA (1) | VILA CLEMENTE (1)	JARDIM NOVA ESPERANÇA (612) | JARDIM NOVO MUNDO (404) | JARDIM COLORADO (341) | JARDIM LIBERDADE (283) | VILA MUTIRÃO (246) | NOVO PLANALTO (195) | JARDIM DAS HORTENCIAS (181) | SANTOS DUMONT (165) | JARDIM CURITIBA IV (128) | MANSÓES PARAISO (109) | JARDIM VISTA BELA (102) | CANDIDA DE MORAES (99) | VILA SÃO JOSÉ (89) | VILA JOÃO VAZ (69) | CAPUAVA (66) | SÃO CARLOS (66) | BAIRRO DA VITÓRIA (52) | PARQUE TREMENDÃO (50) | RESIDENCIAL FORTALEZA (43) | JARDIM PETROPOLIS (42) | VILA FINSOCIAL (42) | RESIDENCIAL PRIVE NORTE (38) | SETOR NOROESTE (38) | SETOR MARABÁ (38) | SETOR AEROVIARIO (36) | RESIDENCIAL MARINGÁ (34) | VILA REGINA (34) | NOVO MUNDO (31) | MORADA DO SOL (30) | RESIDENCIAL GREEN PARK (28) | ALBINO BOAVENTURA (27) | SETOR PROGRESSO (24) | SETOR PERIM (24) | JARDIM CLARISSA (22) | JARDIM HELLOU (20) | VILA CRISTINA (18) | JARDIM GRAMADO (17) | VILA MORAIS (17) | VILA MARIA DILCE (17) | BARRA DA TIJUCA (16) | VILA MARIA LUIZA (15) | JARDIM BONANZA (13) | JARDIM CAMARGO (12) | CANDIDA DE MORAIS (11) | RESIDENCIAL ITAMARACÁ (11) | RESIDENCIAL ANGLO (10) | AGUÁ BRANCA (9) | JD NOVA ESPERANÇA (8) | RESIDENCIAL 14 BIS (8) | RESIDENCIAL HUGO DE MORAES (8) | VILA MUTIRÃO II (8) | ESPLANADA DO ANICUNS (8) | SETOR SEVENE (7) | VALE DOS CARAIBAS (6) | SÃO JOSE (6) | JARDIM BRASIL (6) | VILA MARTINS (5) | VISTA BELA (5) | AEROVIÁRIO (4) | RESIDENCIAL MANSÕES PARAÍSO (4) | JD. NOVO MUNDO (3) | JD DAS HORTENCIAS (3) | VILA MUTIRÃO I (3) | RESIDENCIAL VALE DO ARAGUAIA (3) | PARQUE INDUSTRIAL PAULISTA (3) | CONJUNTO RIVIERA (3) | NOVA ESPERANÇA (3) | SETOR EMPRESARIAL (3) | VILA ROMANA (3) | JARDIM CALIFORNIA (2) | RECREIO SÃO JOAQUIM (2) | MANSÕES ROSAS DE OURO (2) | NOROESTE (2) | JOÃO VAZ (2) | CHACARAS MANSOES ROSAS DE OURO (2) | JARDIM CURITIBA 4 (2) | JARDIM HELOU (2) | JD COLORADO (2) | SETOR CÂNDIDA DE MORAIS (2) | JARDIM CURITIBA II (2) | PQ TREMENDÃO (2) | VALE DAS CARAÍBAS (2) | FINSOCIAL (2) | RESIDENCIAL ANGULO (2) | RESIDENCIAL ARUANA (2) | SETOR VISTA BELA (1) | VILA  SÃO JOSÉ (1) | JARDIM  NOVO MUNDO (1) | JARDIM NOVO MUNDO II (1) | PERIM (1) | CANDIDA DE MORAES. (1) | VALE DO ARAGUAIA (1) | VILA MULTIRÃO (1) | MARABÁ (1) | JARDIM COLORADO EXTEÇÃO (1) | JARDIM NOVA ESPERANÇAA (1) | CONDOMINIO RIO BRANCO (1) | JARDIM EMANUELE (1) | SETOR ESTRELA DALVA (1) | NOVO PLALNALTO (1) | CURITIBA I (1) | JD. NOVA ESPERANÇA (1) | PQ.TREMENDÃO (1) | JARDIM EMANUELY (1) | CAPUAVA RESIDENCIAL PRIVÊ (1) | JD. CALIFÓRNIA (1) | JD LIBERDADE (1) | JARDIM LAGO AZUL (1) | BAIRRO PERIM (1) | JARDIM COLORADO EXTENSÃO (1) | SETOR SAO CARLOS (1) | SÃO MARCOS I (1) | SETOR VALE DOS CARAIBAS (1) | JARDIM CALIFONIA (1) | RESIDENCIAL BUENA VISTA 4 (1) | CH RECREIO SÃO JOAQUIM (1) | SETOR  PROGRESSO (1) | PARQUE TREMEDÃO (1) | RESIDENCIAL ALBINO BOAVENTURA (1) | SETOR PQ. TREMENDÃO (1) | RESIDENCIAL EMANUELE (1) | JD. CURITIBA (1) | JARDIM CURITIBA 1 (1) | RESIDENCIAL FLORESTA (1) | PARQUE INDUSTRIAL JOAO BRAZ (1) | SETOR BARRA DA TIJUCA (1) | JD. EMANUELLE - NOVO MUNDO (1) | JARDIM CURITIBA 04 (1) | JD NOVO MUNDO (1) | JARDIM CURITIBA III (1) | PARUE TREMENDÃO (1) | COLORADO (1) | NOVO MUNDO II (1) | PQ INDUSTRIAL PAULISTA (1) | VILA MORAIS NOVO MUNDO (1) | BAIRRO CAPUAVA (1) | MARIA LUIZA (1) | CENTRO (1) | RESIDENCIAL ARAGUAIA (1) | CONDOMINIO PORTAL DAS HORTÊNCIAS (1) | CRIMEIA OESTE (1) | VILA MARTINS - EXTENSÃO - NOVO MUNDO (1) | BAIRRO SAO CARLOS (1) | JARDIM NOVO PETROPOLIS (1) | JD NOVO PETROPOLIS (1) | JARDIM CURITIBA I (1) | PARQUE MARACANA (1) | VILA CLEMENTE (1) | CURITIBA IV (1)
74140000	4	05_BAIRROS_DIFERENTES_REVISAR	JARDIM COLORADO	25.0	4	0.429	JARDIM COLORADO (1) | MORADA DO SOL (1) | MANSOES PARAISO (1) | JARDIM DAS HORTENCIAS (1)	JARDIM COLORADO (1) | MORADA DO SOL (1) | MANSÕES PARAISO (1) | JARDIM DAS HORTENCIAS (1)
74340500	3	03_ERRO_OU_GRAFIA_MUITO_PROXIMA	JARDIM NOVA ESPERANCA	66.7	2	0.952	JARDIM NOVA ESPERANCA (2) | JARDIN NOVA ESPERANCA (1)	JARDIM NOVA ESPERANÇA (2) | JARDIN NOVA ESPERANÇA (1)
74354632	2	04_NOME_PARECIDO_REVISAR	JARDIM CARAVELAS	50.0	2	0.800	JARDIM CARAVELAS (1) | JARDIM CARAVELAS 1 ETAPA (1)	JARDIM CARAVELAS (1) | JARDIM CARAVELAS 1ª ETAPA (1)
74354636	2	03_ERRO_OU_GRAFIA_MUITO_PROXIMA	JARDIM CRAVELAS	50.0	2	0.933	JARDIM CRAVELAS (1) | JARDM CARAVELAS (1)	JARDIM CRAVELAS (1) | JARDM CARAVELAS (1)
74354640	2	04_NOME_PARECIDO_REVISAR	JARDIM CARAVELAS	50.0	2	0.720	JARDIM CARAVELAS (1) | CARAVELAS (1)	JARDIM CARAVELAS (1) | SETOR CARAVELAS (1)
74375110	2	05_BAIRROS_DIFERENTES_REVISAR	PARQUE OESTE INDUSTRIAL	50.0	2	0.222	PARQUE OESTE INDUSTRIAL (1) | GOIA (1)	PARQUE OESTE INDUSTRIAL (1) | BAIRRO GOIA (1)
74393820	2	05_BAIRROS_DIFERENTES_REVISAR	LOTEAMENTO ALPHAVILLE RESIDENCIAL	50.0	2	0.509	LOTEAMENTO ALPHAVILLE RESIDENCIAL (1) | RESIDENCIAL ALPHAVILLE (1)	LOTEAMENTO ALPHAVILLE RESIDENCIAL (1) | RESIDENCIAL ALPHAVILLE (1)
74394225	5	03_ERRO_OU_GRAFIA_MUITO_PROXIMA	RESIDENCIAL BUENA VISTA I	80.0	2	0.980	RESIDENCIAL BUENA VISTA I (4) | RESIDENCIALBUENA VISTA I (1)	RESIDENCIAL BUENA VISTA I (4) | RESIDENCIALBUENA VISTA I (1)
74394230	2	03_ERRO_OU_GRAFIA_MUITO_PROXIMA	RESIDENCIAL BUENA VISTA I	50.0	2	0.980	RESIDENCIAL BUENA VISTA I (1) | RESI8DENCIAL BUENA VISTA I (1)	Residencial Buena Vista I (1) | RESI8DENCIAL BUENA VISTA I (1)
74394240	2	03_ERRO_OU_GRAFIA_MUITO_PROXIMA	RESIENCIAL BUENA VISTA I	50.0	2	0.980	RESIENCIAL BUENA VISTA I (1) | RESIDENCIAL BUENA VISTA I (1)	RESIENCIAL BUENA VISTA I (1) | RESIDENCIAL BUENA VISTA I (1)
74394620	3	05_BAIRROS_DIFERENTES_REVISAR	RESIDENCIAL BUENA VISTA IV	66.7	2	0.700	RESIDENCIAL BUENA VISTA IV (2) | BUENA VISTA IV (1)	RESIDENCIAL BUENA VISTA IV (2) | BUENA VISTA IV (1)
74400000	63	06_CEP_AMBIGUO	JARDIM NOVO MUNDO	20.6	28	0.688	JARDIM NOVO MUNDO (13) | JARDIM COLORADO (10) | JARDIM NOVA ESPERANCA (6) | JARDIM CURITIBA IV (4) | JARDIM DAS HORTENCIAS (3) | VILA JOAO VAZ (2) | NOVO PLANALTO (2) | VILA CRISTINA CONTINUACAO (2) | MANSOES PARAISO (2) | JARDIM LIBERDADE (1) | ESTRELA DALVA (1) | MORADA DO SOL (1) | VILA MUTIRAO (1) | NOROESTE (1) | VILA ROMANA (1) | PARQUE INDUSTRIAL PAULISTA (1) | JARDIM PETROPOLIS (1) | VILA REGINA (1) | RESIDENCIAL FORTALEZA (1) | SANTOS DUMONT (1) | CONJUNTO RESIDENCIAL ARUANA III (1) | VILA MARTINS (1) | DA VITORIA (1) | CAPUAVA (1) | JARDIM NOVO PETROPOLIS (1) | JARDIM GRAMADO (1) | CANDIDA DE MORAIS (1) | JARDIM VISTA BELA (1)	JARDIM NOVO MUNDO (13) | JARDIM COLORADO (10) | JARDIM NOVA ESPERANÇA (6) | JARDIM DAS HORTENCIAS (3) | JARDIM CURITIBA 4 (2) | VILA JOAO VAZ (2) | NOVO PLANALTO (2) | JARDIM CURITIBA IV (2) | VILA CRISTINA CONTINUAÇAO (2) | MANSOES PARAISO (1) | JARDIM LIBERDADE (1) | ESTRELA DALVA (1) | MORADA DO SOL (1) | VILA MUTIRAO (1) | SETOR NOROESTE (1) | VILA ROMANA (1) | PARQUE INDUSTRIAL PAULISTA (1) | JARDIM PETROPOLIS (1) | SETOR MANSOES PARAISO (1) | VILA REGINA (1) | Residencial Fortaleza (1) | SETOR SANTOS DUMONT (1) | CONJUNTO RESIDENCIAL ARUANA III (1) | VILA MARTINS (1) | BAIRRO DA VITORIA (1) | SETOR CAPUAVA (1) | JARDIM NOVO PETROPOLIS (1) | JARDIM GRAMADO (1) | SETOR CANDIDA DE MORAIS (1) | JARDIM VISTA BELA (1)
74435115	9	05_PRINCIPAL_FORTE_REVISAR	AEROVIARIO	88.9	2	0.348	AEROVIARIO (8) | VILA SAO JOSE (1)	Aeroviário (5) | SETOR AEROVIARIO (3) | VILA  SÃO JOSÉ (1)
74435280	7	05_PRINCIPAL_FORTE_REVISAR	AEROVIARIO	85.7	2	0.348	AEROVIARIO (6) | VILA SAO JOSE (1)	AEROVIÁRIO (3) | SETOR AEROVIARIO (3) | VILA SAO JOSE (1)
74440030	2	04_NOME_PARECIDO_REVISAR	VILA SAO JOSE	50.0	2	0.762	VILA SAO JOSE (1) | SAO JOSE (1)	VILA SÃO JOSE (1) | Setor São José (1)
74440060	16	04_NOME_PARECIDO_REVISAR	SAO JOSE	75.0	2	0.762	SAO JOSE (12) | VILA SAO JOSE (4)	Setor São José (11) | VILA SÃO JOSÉ (4) | SÃO JOSÉ (1)
74440080	3	04_NOME_PARECIDO_REVISAR	VILA SAO JOSE	66.7	2	0.762	VILA SAO JOSE (2) | SAO JOSE (1)	VILA SÃO JOSE (2) | SETOR SÃO JOSÉ (1)
74440120	3	05_BAIRROS_DIFERENTES_REVISAR	SAO JOSE	66.7	2	0.333	SAO JOSE (2) | AEROVIARIO (1)	SETOR SÃO JOSÉ (2) | SETOR AEROVIARIO (1)
74440130	4	04_NOME_PARECIDO_REVISAR	SAO JOSE	75.0	2	0.762	SAO JOSE (3) | VILA SAO JOSE (1)	SETOR SÃO JOSÉ (3) | Vila São José (1)
74440140	4	04_NOME_PARECIDO_REVISAR	SAO JOSE	75.0	2	0.762	SAO JOSE (3) | VILA SAO JOSE (1)	SETOR SÃO JOSÉ (2) | Vila são José (1) | SÃO JOSE (1)
74440145	7	04_NOME_PARECIDO_REVISAR	SAO JOSE	57.1	2	0.762	SAO JOSE (4) | VILA SAO JOSE (3)	SETOR SÃO JOSÉ (4) | Vila São José (3)
74440240	7	04_NOME_PARECIDO_REVISAR	SAO JOSE	71.4	2	0.762	SAO JOSE (5) | VILA SAO JOSE (2)	SETOR SÃO JOSÉ (5) | VILA SÃO JOSÉ (2)
74440245	5	04_NOME_PARECIDO_REVISAR	VILA SAO JOSE	60.0	2	0.762	VILA SAO JOSE (3) | SAO JOSE (2)	Vila São José (3) | SETOR SÃO JOSÉ (2)
74440250	11	04_NOME_PARECIDO_REVISAR	SAO JOSE	63.6	2	0.762	SAO JOSE (7) | VILA SAO JOSE (4)	SETOR SÃO JOSÉ (7) | Vila São José (4)
74440300	9	04_NOME_PARECIDO_REVISAR	SAO JOSE	66.7	2	0.762	SAO JOSE (6) | VILA SAO JOSE (3)	SETOR SÃO JOSÉ (6) | VILA SÃO JOSÉ (3)
74440310	7	04_NOME_PARECIDO_REVISAR	SAO JOSE	85.7	2	0.762	SAO JOSE (6) | VILA SAO JOSE (1)	SETOR SÃO JOSÉ (6) | VILA SAO JOSE (1)
74440340	7	04_NOME_PARECIDO_REVISAR	SAO JOSE	57.1	2	0.762	SAO JOSE (4) | VILA SAO JOSE (3)	SETOR SÃO JOSÉ (4) | VILA SÃO JOSÉ (3)
74440360	4	04_NOME_PARECIDO_REVISAR	VILA SAO JOSE	50.0	2	0.762	VILA SAO JOSE (2) | SAO JOSE (2)	VILA SÃO JOSE (2) | SETOR SAO JOSE (2)
74440410	2	04_NOME_PARECIDO_REVISAR	VILA SAO JOSE	50.0	2	0.762	VILA SAO JOSE (1) | SAO JOSE (1)	VILA SÃO JOSÉ (1) | SETOR SÃO JOSÉ (1)
74440460	3	04_NOME_PARECIDO_REVISAR	SAO JOSE	66.7	2	0.762	SAO JOSE (2) | VILA SAO JOSE (1)	SETOR SAO JOSE (2) | VILA SAO JOSE (1)
74440470	3	04_NOME_PARECIDO_REVISAR	VILA SAO JOSE	66.7	2	0.762	VILA SAO JOSE (2) | SAO JOSE (1)	VILA SÃO JOSE (2) | SÃO JOSE (1)
74440480	8	04_NOME_PARECIDO_REVISAR	SAO JOSE	87.5	2	0.762	SAO JOSE (7) | VILA SAO JOSE (1)	Setor São José (6) | VILA SÃO JOSE (1) | SAO JOSE (1)
74440500	3	04_NOME_PARECIDO_REVISAR	SAO JOSE	66.7	2	0.762	SAO JOSE (2) | VILA SAO JOSE (1)	SETOR SÃO JOSÉ (2) | VILA SÃO JOSÉ (1)
74440510	2	04_NOME_PARECIDO_REVISAR	VILA SAO JOSE	50.0	2	0.762	VILA SAO JOSE (1) | SAO JOSE (1)	VILA SÃO JOSÉ (1) | SETOR SÃO JOSÉ (1)
74440530	7	04_NOME_PARECIDO_REVISAR	SAO JOSE	85.7	2	0.762	SAO JOSE (6) | VILA SAO JOSE (1)	SETOR SÃO JOSÉ (4) | SÃO JOSE (2) | VILA SAO JOSE (1)
74440550	11	04_NOME_PARECIDO_REVISAR	SAO JOSE	72.7	2	0.762	SAO JOSE (8) | VILA SAO JOSE (3)	Setor são José (6) | VILA SÃO JOSE (3) | SÃO JOSE (2)
74440560	7	04_NOME_PARECIDO_REVISAR	SAO JOSE	85.7	2	0.762	SAO JOSE (6) | VILA SAO JOSE (1)	SETOR SÃO JOSÉ (5) | SAO JOSE (1) | Vila são José (1)
74440590	6	04_NOME_PARECIDO_REVISAR	VILA SAO JOSE	83.3	2	0.762	VILA SAO JOSE (5) | SAO JOSE (1)	Vila São José (5) | SETOR SÃO JOSÉ (1)
74440630	5	04_NOME_PARECIDO_REVISAR	VILA SAO JOSE	60.0	2	0.762	VILA SAO JOSE (3) | SAO JOSE (2)	VILA SÃO JOSE (3) | SETOR SÃO JOSÉ (2)
74440640	11	04_NOME_PARECIDO_REVISAR	SAO JOSE	81.8	2	0.762	SAO JOSE (9) | VILA SAO JOSE (2)	SETOR SÃO JOSÉ (9) | VILA SÃO JOSÉ (2)
74440670	5	04_NOME_PARECIDO_REVISAR	SAO JOSE	80.0	2	0.762	SAO JOSE (4) | VILA SAO JOSE (1)	SETOR SÃO JOSÉ (4) | VILA SÃO JOSÉ (1)
74440700	3	04_NOME_PARECIDO_REVISAR	SAO JOSE	66.7	2	0.762	SAO JOSE (2) | VILA SAO JOSE (1)	SETOR SÃO JOSÉ (2) | VILA SÃO JOSÉ (1)
74440710	2	04_NOME_PARECIDO_REVISAR	VILA SAO JOSE	50.0	2	0.762	VILA SAO JOSE (1) | SAO JOSE (1)	VILA SÃO JOSE (1) | SETOR SÃO JOSÉ (1)
74441010	2	04_NOME_PARECIDO_REVISAR	VILA SAO JOSE	50.0	2	0.762	VILA SAO JOSE (1) | SAO JOSE (1)	VILA SÃO JOSE (1) | SETOR SÃO JOSE (1)
74445160	27	05_PRINCIPAL_FORTE_REVISAR	VILA JOAO VAZ	96.3	2	0.400	VILA JOAO VAZ (26) | CAPUAVA (1)	VILA JOÃO VAZ (26) | CAPUAVA (1)
74445190	5	05_PRINCIPAL_FORTE_REVISAR	VILA JOAO VAZ	80.0	2	0.190	VILA JOAO VAZ (4) | NOROESTE (1)	VILA JOÃO VAZ (4) | SETOR NOROESTE (1)
74445230	18	04_NOME_PARECIDO_REVISAR	VILA JOAO VAZ	94.4	2	0.762	VILA JOAO VAZ (17) | JOAO VAZ (1)	VILA JOÃO VAZ (17) | JOÃO VAZ (1)
74445260	12	05_PRINCIPAL_FORTE_REVISAR	VILA JOAO VAZ	91.7	2	0.400	VILA JOAO VAZ (11) | CAPUAVA (1)	VILA JOAO VAZ (11) | CAPUAVA (1)
74445300	2	05_BAIRROS_DIFERENTES_REVISAR	CAPUAVA RESIDENCIAL PRIVE	50.0	2	0.708	CAPUAVA RESIDENCIAL PRIVE (1) | RESIDENCIAL PRIVE NORTE (1)	CAPUAVA RESIDENCIAL PRIVE (1) | RESIDENCIAL PRIVE NORTE (1)
74445302	12	05_PRINCIPAL_FORTE_REVISAR	CAPUAVA RESIDENCIAL PRIVE	83.3	2	0.438	CAPUAVA RESIDENCIAL PRIVE (10) | CAPUAVA (2)	CAPUAVA RESIDENCIAL PRIVE (10) | CAPUAVA (2)
74445305	2	05_BAIRROS_DIFERENTES_REVISAR	RESIDENCIAL PRIVE NORTE	50.0	2	0.708	RESIDENCIAL PRIVE NORTE (1) | CAPUAVA RESIDENCIAL PRIVE (1)	RESIDENCIAL PRIVE NORTE (1) | CAPUAVA RESIDENCIAL PRIVÊ (1)
74445360	2	03_ERRO_OU_GRAFIA_MUITO_PROXIMA	FAZENDA CAVEIRA	50.0	2	0.968	FAZENDA CAVEIRA (1) | FAZENDA CAVEIRAS (1)	FAZENDA CAVEIRA (1) | FAZENDA CAVEIRAS (1)
74450170	19	05_PRINCIPAL_FORTE_REVISAR	CAPUAVA	94.7	2	0.333	CAPUAVA (18) | CANDIDA DE MORAES (1)	CAPUAVA (18) | CANDIDA DE MORAES. (1)
74450300	4	05_BAIRROS_DIFERENTES_REVISAR	CAPUAVA	50.0	3	0.167	CAPUAVA (2) | PERIM (1) | JARDIM GRAMADO (1)	CAPUAVA (2) | SETOR PERIM (1) | JARDIM GRAMADO (1)
74450470	6	05_PRINCIPAL_FORTE_REVISAR	CAPUAVA	83.3	2	0.462	CAPUAVA (5) | MARABA (1)	CAPUAVA (5) | MARABA (1)
74455070	6	04_NOME_PARECIDO_REVISAR	JARDIM NOVA ESPERANCA	83.3	2	0.800	JARDIM NOVA ESPERANCA (5) | NOVA ESPERANCA (1)	JARDIM NOVA ESPERANÇA (5) | NOVA ESPERANÇA (1)
74460020	23	03_ERRO_OU_GRAFIA_MUITO_PROXIMA	JARDIM PETROPOLIS	95.7	2	0.970	JARDIM PETROPOLIS (22) | JARDIM PETROPLIS (1)	JARDIM PETRÓPOLIS (22) | JARDIM PETROPLIS (1)
74460110	2	05_BAIRROS_DIFERENTES_REVISAR	JARDIM PETROPOLIS	50.0	2	0.545	JARDIM PETROPOLIS (1) | JARDIM LIBERDADE (1)	Jardim Petrópolis (1) | JARDIM LIBERDADE (1)
74460500	7	05_BAIRROS_DIFERENTES_REVISAR	JARDIM PETROPOLIS	71.4	2	0.214	JARDIM PETROPOLIS (5) | VILA REGINA (2)	JARDIM PETRÓPOLIS (5) | Vila Regina (2)
74460970	3	05_BAIRROS_DIFERENTES_REVISAR	MORADA DO SOL	33.3	3	0.400	MORADA DO SOL (1) | VALE DOS CARAIBAS (1) | VILA FINSOCIAL (1)	SETOR MORADA DO SOL (1) | VALE DOS CARAIBAS (1) | VILA FINSOCIAL (1)
74463030	2	05_BAIRROS_DIFERENTES_REVISAR	SANTOS DUMONT	50.0	2	0.256	SANTOS DUMONT (1) | PARQUE INDUSTRIAL PAULISTA (1)	SANTOS DUMONT (1) | PARQUE INDUSTRIAL PAULISTA (1)
74463100	8	04_NOME_PARECIDO_REVISAR	PARQUE INDUSTRIAL PAULISTA	87.5	2	0.791	PARQUE INDUSTRIAL PAULISTA (7) | PARQUE INDUSTRIAL (1)	PARQUE INDUSTRIAL PAULISTA (7) | PARQUE INDUSTRIAL (1)
74463150	11	03_ERRO_OU_GRAFIA_MUITO_PROXIMA	CANDIDA DE MORAIS	63.6	3	0.941	CANDIDA DE MORAIS (7) | CANDIDA DE MORAES (3) | CONDOMINIO MARESIA RESIDENCIAL ITAMARACA (1)	SETOR CÂNDIDA DE MORAIS (7) | CANDIDA DE MORAES (3) | CONDOMÍNIO MARESIA , RESIDENCIAL ITAMARACÁ (1)
74463160	6	03_ERRO_OU_GRAFIA_MUITO_PROXIMA	CANDIDA DE MORAIS	66.7	2	0.941	CANDIDA DE MORAIS (4) | CANDIDA DE MORAES (2)	SETOR CÂNDIDA DE MORAIS (4) | CANDIDA DE MORAES (2)
74463165	19	03_ERRO_OU_GRAFIA_MUITO_PROXIMA	CANDIDA DE MORAIS	63.2	4	0.941	CANDIDA DE MORAIS (12) | CANDIDA DE MORAES (4) | SANTOS DUMONT (2) | CANDIDAS DE MORAIS (1)	SETOR CÂNDIDA DE MORAIS (12) | CANDIDA DE MORAES (4) | SETOR SANTOS DUMONT (2) | CÂNDIDAS DE MORAIS (1)
74463170	18	03_ERRO_OU_GRAFIA_MUITO_PROXIMA	CANDIDA DE MORAES	55.6	2	0.941	CANDIDA DE MORAES (10) | CANDIDA DE MORAIS (8)	CANDIDA DE MORAES (10) | SETOR CÂNDIDA DE MORAIS (7) | CÂNDIDA DE MORAIS (1)
74463190	14	03_ERRO_OU_GRAFIA_MUITO_PROXIMA	CANDIDA DE MORAIS	85.7	2	0.941	CANDIDA DE MORAIS (12) | CANDIDA DE MORAES (2)	Setor Cândida de Morais (11) | CANDIDA DE MORAES (2) | CANDIDA DE MORAIS (1)
74463200	44	03_ERRO_OU_GRAFIA_MUITO_PROXIMA	CANDIDA DE MORAIS	70.5	4	0.941	CANDIDA DE MORAIS (31) | CANDIDA DE MORAES (11) | JARDIM NOVA ESPERANCA (1) | CANDIDADE MORAES (1)	Setor Cândida de Morais (30) | CANDIDA DE MORAES (11) | JARDIM NOVA ESPERANÇA (1) | SETOR CANDIDADE MORAES (1) | CANDIDA DE MORAIS (1)
74463210	22	03_ERRO_OU_GRAFIA_MUITO_PROXIMA	CANDIDA DE MORAIS	63.6	3	0.941	CANDIDA DE MORAIS (14) | CANDIDA DE MORAES (7) | CENTRO (1)	SETOR CÂNDIDA DE MORAIS (14) | CANDIDA DE MORAES (7) | CENTRO (1)
74463220	29	03_ERRO_OU_GRAFIA_MUITO_PROXIMA	CANDIDA DE MORAIS	55.2	2	0.941	CANDIDA DE MORAIS (16) | CANDIDA DE MORAES (13)	Setor Cândida de Morais (16) | CANDIDA DE MORAES (13)
74463230	20	03_ERRO_OU_GRAFIA_MUITO_PROXIMA	CANDIDA DE MORAIS	65.0	2	0.941	CANDIDA DE MORAIS (13) | CANDIDA DE MORAES (7)	SETOR CÂNDIDA DE MORAIS (13) | CANDIDA DE MORAES (7)
74463240	22	03_ERRO_OU_GRAFIA_MUITO_PROXIMA	CANDIDA DE MORAES	50.0	3	0.941	CANDIDA DE MORAES (11) | CANDIDA DE MORAIS (10) | JARDIM NOVA ESPERANCA (1)	CANDIDA DE MORAES (11) | SETOR CÂNDIDA DE MORAIS (10) | JARDIM NOVA ESPERANÇA (1)
74463250	8	03_ERRO_OU_GRAFIA_MUITO_PROXIMA	CANDIDA DE MORAIS	62.5	2	0.941	CANDIDA DE MORAIS (5) | CANDIDA DE MORAES (3)	SETOR CÂNDIDA DE MORAIS (5) | CANDIDA DE MORAES (3)
74463260	23	03_ERRO_OU_GRAFIA_MUITO_PROXIMA	CANDIDA DE MORAIS	69.6	2	0.941	CANDIDA DE MORAIS (16) | CANDIDA DE MORAES (7)	SETOR CÂNDIDA DE MORAIS (15) | CANDIDA DE MORAES (7) | CANDIDA DE MORAIS (1)
74463270	6	03_ERRO_OU_GRAFIA_MUITO_PROXIMA	CANDIDA DE MORAIS	50.0	3	0.941	CANDIDA DE MORAIS (3) | CANDIDA DE MORAES (2) | SANTOS DUMONT (1)	SETOR CÂNDIDA DE MORAIS (3) | CANDIDA DE MORAES (2) | SANTOS DUMONT (1)
74463280	292	03_ERRO_OU_GRAFIA_MUITO_PROXIMA	CANDIDA DE MORAES	91.1	4	0.941	CANDIDA DE MORAES (266) | CANDIDA DE MORAIS (22) | JARDIM NOVA ESPERANCA (3) | CANDIDO DE MORAES (1)	CANDIDA DE MORAES (265) | SETOR CÂNDIDA DE MORAIS (22) | JARDIM NOVA ESPERANÇA (3) | SETOR CANDIDA DE MORAES (1) | CANDIDO DE MORAES (1)
74463290	4	03_ERRO_OU_GRAFIA_MUITO_PROXIMA	CANDIDA DE MORAIS	50.0	3	0.941	CANDIDA DE MORAIS (2) | CANDIDA DE MORAES (1) | CAPUAVA (1)	SETOR CÂNDIDA DE MORAIS (2) | CANDIDA DE MORAES (1) | CAPUAVA (1)
74463317	2	05_BAIRROS_DIFERENTES_REVISAR	CANDIDA DE MORAIS	50.0	2	0.333	CANDIDA DE MORAIS (1) | CAPUAVA (1)	Setor Cândida de Morais (1) | CAPUAVA (1)
74463320	15	03_ERRO_OU_GRAFIA_MUITO_PROXIMA	CANDIDA DE MORAIS	86.7	2	0.941	CANDIDA DE MORAIS (13) | CANDIDA DE MORAES (2)	SETOR CÂNDIDA DE MORAIS (13) | CANDIDA DE MORAES (2)
74463330	16	03_ERRO_OU_GRAFIA_MUITO_PROXIMA	CANDIDA DE MORAIS	62.5	2	0.941	CANDIDA DE MORAIS (10) | CANDIDA DE MORAES (6)	SETOR CÂNDIDA DE MORAIS (9) | CANDIDA DE MORAES (5) | CÂNDIDA DE MORAIS (1) | SETOR CANDIDA DE MORAES (1)
74463340	16	05_BAIRROS_DIFERENTES_REVISAR	SANTOS DUMONT	75.0	2	0.400	SANTOS DUMONT (12) | CANDIDA DE MORAES (4)	SETOR SANTOS DUMONT (7) | SANTOS DUMONT (5) | CANDIDA DE MORAES (4)
74463375	2	05_BAIRROS_DIFERENTES_REVISAR	CANDIDA DE MORAES	50.0	2	0.400	CANDIDA DE MORAES (1) | SANTOS DUMONT (1)	CANDIDA DE MORAES (1) | SETOR SANTOS DUMONT (1)
74463380	24	05_PRINCIPAL_FORTE_REVISAR	SANTOS DUMONT	95.8	2	0.176	SANTOS DUMONT (23) | JARDIM NOVA ESPERANCA (1)	SETOR SANTOS DUMONT (12) | SANTOS DUMONT (11) | JARDIM NOVA ESPERANCA (1)
74463615	5	05_BAIRROS_DIFERENTES_REVISAR	SANTOS DUMONT	60.0	3	0.400	SANTOS DUMONT (3) | CANDIDA DE MORAIS (1) | JARDIM NOVA ESPERANCA (1)	Setor Santos Dumont (3) | SETOR CÂNDIDA DE MORAIS (1) | Jardim nova esperança (1)
74463850	6	05_PRINCIPAL_FORTE_REVISAR	JARDIM BONANZA	83.3	2	0.370	JARDIM BONANZA (5) | SANTOS DUMONT (1)	Jardim Bonanza (5) | SANTOS DUMONT (1)
74464120	2	04_NOME_PARECIDO_REVISAR	JARDIM NOVO PETROPOLIS	50.0	2	0.872	JARDIM NOVO PETROPOLIS (1) | JARDIM PETROPOLIS (1)	JARDIM NOVO PETRÓPOLIS (1) | JARDIM PETROPOLIS (1)
74464130	4	04_NOME_PARECIDO_REVISAR	JARDIM PETROPOLIS	50.0	2	0.872	JARDIM PETROPOLIS (2) | JARDIM NOVO PETROPOLIS (2)	JARDIM PETROPOLIS (2) | JARDIM NOVO PETRÓPOLIS (2)
74464135	11	04_NOME_PARECIDO_REVISAR	JARDIM NOVO PETROPOLIS	81.8	2	0.872	JARDIM NOVO PETROPOLIS (9) | JARDIM PETROPOLIS (2)	JARDIM NOVO PETRÓPOLIS (9) | JARDIM PETROPOLIS (2)
74464155	4	04_NOME_PARECIDO_REVISAR	RESIDENCIAL 14 BIS EXTENSAO	75.0	2	0.800	RESIDENCIAL 14 BIS EXTENSAO (3) | RESIDENCIAL 14 BIS (1)	RESIDENCIAL 14 BIS EXTENSÃO (3) | RESIDENCIAL 14 BIS (1)
74465010	33	03_ERRO_OU_GRAFIA_MUITO_PROXIMA	JARDIM NOVA ESPERANCA	97.0	2	0.977	JARDIM NOVA ESPERANCA (32) | JARDIM NOVA ESPERANCAA (1)	JARDIM NOVA ESPERANÇA (32) | JARDIM NOVA ESPERANÇAA (1)
74465025	15	05_BAIRROS_DIFERENTES_REVISAR	JARDIM NOVA ESPERANCA	86.7	3	0.368	JARDIM NOVA ESPERANCA (13) | CANDIDA DE MORAES (1) | CANDIDA DE MORAIS (1)	JARDIM NOVA ESPERANÇA (13) | CANDIDA DE MORAES (1) | CANDIDA DE MORAIS (1)
74465050	46	04_NOME_PARECIDO_REVISAR	JARDIM NOVA ESPERANCA	97.8	2	0.800	JARDIM NOVA ESPERANCA (45) | NOVA ESPERANCA (1)	JARDIM NOVA ESPERANÇA (45) | NOVA ESPERANÇA (1)
74465080	2	05_BAIRROS_DIFERENTES_REVISAR	PARQUE TREMENDAO	50.0	2	0.324	PARQUE TREMENDAO (1) | JARDIM NOVA ESPERANCA (1)	PARQUE TREMENDÃO (1) | JARDIM NOVA ESPERANÇA (1)
74465090	4	05_BAIRROS_DIFERENTES_REVISAR	JARDIM NOVA ESPERANCA	75.0	2	0.368	JARDIM NOVA ESPERANCA (3) | PARQUE DAS FLORES (1)	JARDIM NOVA ESPERANÇA (3) | PARQUE DAS FLORES (1)
74465100	81	04_NOME_PARECIDO_REVISAR	JARDIM NOVA ESPERANCA	97.5	3	0.800	JARDIM NOVA ESPERANCA (79) | NOVA ESPERANCA (1) | JARDIM GRAMADO (1)	JARDIM NOVA ESPERANÇA (79) | NOVA ESPERANÇA (1) | JARDIM GRAMADO (1)
74465140	130	06_CEP_AMBIGUO	JARDIM NOVA ESPERANCA	63.8	16	0.556	JARDIM NOVA ESPERANCA (83) | JARDIM COLORADO (13) | JARDIM DAS HORTENCIAS (8) | NOVO PLANALTO (5) | MARABA (4) | CANDIDA DE MORAES (3) | NOROESTE (2) | NOVA ESPERANCA (2) | JARDIM LIBERDADE (2) | MANSOES PARAISO (2) | VILA FINSOCIAL (1) | RESIDENCIAL MANSOES PARAISO (1) | JARDIM HELLOU (1) | PARQUE TREMENDAO (1) | MORADA DO SOL (1) | ALBINO BOAVENTURA (1)	JARDIM NOVA ESPERANÇA (83) | JARDIM COLORADO (13) | JARDIM DAS HORTÊNCIAS (8) | NOVO PLANALTO (5) | SETOR MARABÁ (4) | CANDIDA DE MORAES (3) | SETOR NOROESTE (2) | NOVA ESPERANÇA (2) | JARDIM LIBERDADE (2) | MANSÕES PARAÍSO (2) | VILA FINSOCIAL (1) | RESIDENCIAL MANSOES PARAISO (1) | JARDIM HELLOU (1) | PARQUE TREMENDÃO (1) | MORADA DO SOL (1) | ALBINO BOAVENTURA (1)
74465190	57	04_NOME_PARECIDO_REVISAR	JARDIM NOVA ESPERANCA	98.2	2	0.800	JARDIM NOVA ESPERANCA (56) | NOVA ESPERANCA (1)	JARDIM NOVA ESPERANÇA (56) | NOVA ESPERANÇA (1)
74465215	18	05_PRINCIPAL_FORTE_REVISAR	JARDIM NOVA ESPERANCA	94.4	2	0.216	JARDIM NOVA ESPERANCA (17) | PARQUE TREMENDAO (1)	JARDIM NOVA ESPERANÇA (17) | PARQUE TREMENDAO (1)
74465280	60	05_BAIRROS_DIFERENTES_REVISAR	JARDIM NOVA ESPERANCA	95.0	4	0.176	JARDIM NOVA ESPERANCA (57) | SANTOS DUMONT (1) | CANDIDA DE MORAES (1) | NOVA ESPERANCA (1)	JARDIM NOVA ESPERANÇA (57) | SANTOS DUMONT (1) | CANDIDA DE MORAES (1) | NOVA ESPERANÇA (1)
74465310	24	05_BAIRROS_DIFERENTES_REVISAR	JARDIM NOVA ESPERANCA	87.5	3	0.632	JARDIM NOVA ESPERANCA (21) | JARDIM NOVO MUNDO (2) | BARRA DA TIJUCA (1)	JARDIM NOVA ESPERANÇA (21) | JARDIM NOVO MUNDO (2) | BARRA DA TIJUCA (1)
74465360	6	04_NOME_PARECIDO_REVISAR	JARDIM NOVA ESPERANCA	83.3	2	0.800	JARDIM NOVA ESPERANCA (5) | NOVA ESPERANCA (1)	JARDIM NOVA ESPERANÇA (5) | NOVA ESPERANÇA (1)
74465390	46	04_NOME_PARECIDO_REVISAR	JARDIM NOVA ESPERANCA	95.7	2	0.800	JARDIM NOVA ESPERANCA (44) | NOVA ESPERANCA (2)	JARDIM NOVA ESPERANCA (44) | NOVA ESPERANÇA (2)
74465445	306	05_BAIRROS_DIFERENTES_REVISAR	JARDIM NOVA ESPERANCA	91.2	3	0.368	JARDIM NOVA ESPERANCA (279) | CANDIDA DE MORAES (26) | JARDIM COLORADO (1)	JARDIM NOVA ESPERANÇA (279) | CANDIDA DE MORAES (26) | JARDIM COLORADO (1)
74465524	19	05_PRINCIPAL_FORTE_REVISAR	MARABA	89.5	2	0.143	MARABA (17) | NOROESTE (2)	SETOR MARABÁ (17) | SETOR NOROESTE (2)
74465527	6	05_PRINCIPAL_FORTE_REVISAR	MARABA	83.3	2	0.214	MARABA (5) | RESIDENCIAL SAO MARCOS (1)	SETOR MARABÁ (5) | RESIDENCIAL SAO MARCOS (1)
74465553	2	05_BAIRROS_DIFERENTES_REVISAR	NOROESTE	50.0	2	0.143	NOROESTE (1) | MARABA (1)	SETOR NOROESTE (1) | SETOR MARABA (1)
74470015	5	05_BAIRROS_DIFERENTES_REVISAR	FAZENDA CAVEIRA	40.0	3	0.222	FAZENDA CAVEIRA (2) | CHACARAS MANSOES ROSAS DE OURO (2) | RESIDENCIAL ANGLO (1)	FAZENDA CAVEIRA (2) | CHACARAS MANSOES ROSAS DE OURO (2) | RESIDENCIAL ANGLO (1)
74470065	2	04_NOME_PARECIDO_REVISAR	RECREIO SAO JOAQUIM	50.0	2	0.760	RECREIO SAO JOAQUIM (1) | CHACARAS DE RECREIO SAO JOAQUIM (1)	RECREIO SÃO JOAQUIM (1) | CHÁCARAS DE RECREIO SÃO JOAQUIM (1)
74470071	3	04_NOME_PARECIDO_REVISAR	CHACARAS MANSOES ROSAS DE OURO	66.7	2	0.824	CHACARAS MANSOES ROSAS DE OURO (2) | MANSOES ROSAS DE OURO (1)	CHACARAS MANSOES ROSAS DE OURO (2) | SETOR MANSÕES ROSAS DE OURO (1)
74470275	3	05_BAIRROS_DIFERENTES_REVISAR	SANTOS DUMONT	33.3	3	0.375	SANTOS DUMONT (1) | RECREIO SAO JOAQUIM (1) | CHACARAS DE RECREIO SAO JOAQUIM (1)	santos dumont (1) | RECREIO SÃO JOAQUIM (1) | Chácaras de Recreio São Joaquim (1)
74470700	10	05_BAIRROS_DIFERENTES_REVISAR	RESIDENCIAL JARDIM HELOU	70.0	2	0.649	RESIDENCIAL JARDIM HELOU (7) | JARDIM HELLOU (3)	RESIDENCIAL JARDIM HELOU (7) | JARDIM HELLOU (3)
74470705	23	05_BAIRROS_DIFERENTES_REVISAR	JARDIM HELLOU	56.5	4	0.649	JARDIM HELLOU (13) | RESIDENCIAL JARDIM HELOU (7) | JARDIM VISTA BELA (2) | JARDIM NOVA ESPERANCA (1)	JARDIM HELLOU (13) | RESIDENCIAL JARDIM HELOU (7) | JARDIM VISTA BELA (2) | JARDIM NOVA ESPERANÇA (1)
74470710	17	06_CEP_AMBIGUO	JARDIM HELLOU	58.8	7	0.649	JARDIM HELLOU (10) | RESIDENCIAL JARDIM HELOU (2) | JARDIM HELOU (1) | JARDIM DAS HORTENCIAS (1) | CHACARAS MANSOES ROSAS DE OURO (1) | JARDIM VISTA BELA (1) | JARDIM CAMARGO (1)	JARDIM HELLOU (10) | RESIDENCIAL JARDIM HELOU (2) | JARDIM HELOU (1) | JARDIM DAS HORTENCIAS (1) | CHACARAS MANSOES ROSAS DE OURO (1) | JARDIM VISTA BELA (1) | JARDIM CAMARGO (1)
74470750	3	05_BAIRROS_DIFERENTES_REVISAR	RESIDENCIAL JARDIM HELOU	66.7	2	0.649	RESIDENCIAL JARDIM HELOU (2) | JARDIM HELLOU (1)	RESIDENCIAL JARDIM HELOU (2) | JARDIM HELLOU (1)
74470760	3	05_BAIRROS_DIFERENTES_REVISAR	JARDIM HELLOU	33.3	3	0.649	JARDIM HELLOU (1) | RESIDENCIAL JARDIM HELOU (1) | JARDIM COLORADO (1)	JARDIM HELLOU (1) | RESIDENCIAL JARDIM HELOU (1) | JARDIM COLORADO (1)
74470825	11	05_BAIRROS_DIFERENTES_REVISAR	JARDIM CAMARGO	63.6	3	0.700	JARDIM CAMARGO (7) | RESIDENCIAL JARDIM CAMARGO (3) | JARDIM COLORADO (1)	JARDIM CAMARGO (7) | RESIDENCIAL JARDIM CAMARGO (3) | JARDIM COLORADO (1)
74470850	17	05_BAIRROS_DIFERENTES_REVISAR	JARDIM CAMARGO	64.7	2	0.700	JARDIM CAMARGO (11) | RESIDENCIAL JARDIM CAMARGO (6)	JARDIM CAMARGO (11) | Residencial Jardim Camargo (6)
74470855	5	05_BAIRROS_DIFERENTES_REVISAR	JARDIM HELLOU	40.0	3	0.593	JARDIM HELLOU (2) | JARDIM CAMARGO (2) | RESIDENCIAL JARDIM CAMARGO (1)	JARDIM HELLOU (2) | JARDIM CAMARGO (2) | RESIDENCIAL JARDIM CAMARGO (1)
74473530	4	04_NOME_PARECIDO_REVISAR	VILA FINSOCIAL	75.0	2	0.783	VILA FINSOCIAL (3) | FINSOCIAL (1)	VILA FINSOCIAL (3) | FINSOCIAL (1)
74473782	3	04_NOME_PARECIDO_REVISAR	VILA FINSOCIAL	66.7	2	0.783	VILA FINSOCIAL (2) | FINSOCIAL (1)	VILA FINSOCIAL (2) | FINSOCIAL (1)
74473792	6	04_NOME_PARECIDO_REVISAR	VILA FINSOCIAL	83.3	2	0.783	VILA FINSOCIAL (5) | FINSOCIAL (1)	VILA FINSOCIAL (5) | FINSOCIAL (1)
74473838	12	05_PRINCIPAL_FORTE_REVISAR	RESIDENCIAL MARINGA	83.3	2	0.235	RESIDENCIAL MARINGA (10) | JARDIM COLORADO (2)	RESIDENCIAL MARINGÁ (10) | JARDIM COLORADO (2)
74474000	6	05_PRINCIPAL_FORTE_REVISAR	JARDIM COLORADO	83.3	2	0.258	JARDIM COLORADO (5) | PARQUE TREMENDAO (1)	JARDIM COLORADO (5) | PARQUE TREMENDÃO (1)
74474001	20	05_BAIRROS_DIFERENTES_REVISAR	JARDIM COLORADO	90.0	3	0.556	JARDIM COLORADO (18) | JARDIM DAS HORTENCIAS (1) | JARDIM VISTA BELA (1)	JARDIM COLORADO (18) | JARDIM DAS HORTENCIAS (1) | JARDIM VISTA BELA (1)
74474003	15	05_PRINCIPAL_FORTE_REVISAR	JARDIM COLORADO	93.3	2	0.643	JARDIM COLORADO (14) | JARDIM HELLOU (1)	JARDIM COLORADO (14) | JARDIM HELLOU (1)
74474006	85	05_BAIRROS_DIFERENTES_REVISAR	JARDIM COLORADO	97.6	3	0.714	JARDIM COLORADO (83) | JARDIM COLORADO QD 12 LT 11 (1) | SAO CARLOS (1)	JARDIM COLORADO (83) | JARDIM COLORADO QD- 12 LT- 11 (1) | SAO CARLOS (1)
74474008	7	05_BAIRROS_DIFERENTES_REVISAR	JARDIM COLORADO	71.4	3	0.562	JARDIM COLORADO (5) | JARDIM VISTA BELA (1) | PARQUE TREMENDAO (1)	JARDIM COLORADO (5) | JARDIM VISTA BELA (1) | PARQUE TREMENDÃO (1)
74474009	60	05_PRINCIPAL_FORTE_REVISAR	JARDIM COLORADO	98.3	2	0.556	JARDIM COLORADO (59) | JARDIM DAS HORTENCIAS (1)	JARDIM COLORADO (59) | JARDIM DAS HORTENCIAS (1)
74474010	12	05_BAIRROS_DIFERENTES_REVISAR	JARDIM COLORADO	66.7	2	0.556	JARDIM COLORADO (8) | JARDIM DAS HORTENCIAS (4)	JARDIM COLORADO (8) | JARDIM DAS HORTENCIAS (4)
74474011	59	05_BAIRROS_DIFERENTES_REVISAR	JARDIM COLORADO	96.6	3	0.714	JARDIM COLORADO (57) | RESIDENCIAL JARDIM COLORADO (1) | JARDIM DAS HORTENCIAS (1)	JARDIM COLORADO (57) | RESIDENCIAL JARDIM COLORADO (1) | JARDIM DAS HORTENCIAS (1)
74474015	10	05_PRINCIPAL_FORTE_REVISAR	JARDIM COLORADO	90.0	2	0.267	JARDIM COLORADO (9) | MANSOES PARAISO (1)	JARDIM COLORADO (9) | MANSÕES PARAISO (1)
74474017	14	05_PRINCIPAL_FORTE_REVISAR	JARDIM COLORADO	92.9	2	0.143	JARDIM COLORADO (13) | NOVO PLANALTO (1)	JARDIM COLORADO (13) | NOVO PLANALTO (1)
74474018	33	03_ERRO_OU_GRAFIA_MUITO_PROXIMA	JARDIM COLORADO	97.0	2	0.938	JARDIM COLORADO (32) | JARDIM COLORADO 1 (1)	JARDIM COLORADO (32) | JARDIM COLORADO 1 (1)
74474022	9	05_PRINCIPAL_FORTE_REVISAR	JARDIM COLORADO	88.9	2	0.562	JARDIM COLORADO (8) | JARDIM VISTA BELA (1)	JARDIM COLORADO (8) | JARDIM VISTA BELA (1)
74474023	33	05_PRINCIPAL_FORTE_REVISAR	JARDIM COLORADO	97.0	2	0.258	JARDIM COLORADO (32) | PARQUE TREMENDAO (1)	JARDIM COLORADO (32) | PARQUE TREMENDÃO (1)
74474024	11	05_BAIRROS_DIFERENTES_REVISAR	JARDIM COLORADO	54.5	4	0.643	JARDIM COLORADO (6) | JARDIM HELLOU (2) | JARDIM VISTA BELA (2) | JARDIM CAMARGO (1)	JARDIM COLORADO (6) | JARDIM HELLOU (2) | JARDIM VISTA BELA (2) | JARDIM CAMARGO (1)
74474030	3	04_NOME_PARECIDO_REVISAR	VISTA BELA	66.7	2	0.741	VISTA BELA (2) | JARDIM VISTA BELA (1)	VISTA BELA (1) | SETOR VISTA BELA (1) | JARDIM VISTA BELA (1)
74474031	6	05_PRINCIPAL_FORTE_REVISAR	JARDIM COLORADO	83.3	2	0.278	JARDIM COLORADO (5) | RESIDENCIAL FORTALEZA (1)	JARDIM COLORADO (5) | RESIDENCIAL FORTALEZA (1)
74474038	4	05_BAIRROS_DIFERENTES_REVISAR	JARDIM COLORADO	50.0	2	0.556	JARDIM COLORADO (2) | JARDIM DAS HORTENCIAS (2)	JARDIM COLORADO (2) | JARDIM DAS HORTENCIAS (2)
74474040	3	05_BAIRROS_DIFERENTES_REVISAR	JARDIM COLORADO	66.7	2	0.556	JARDIM COLORADO (2) | JARDIM DAS HORTENCIAS (1)	JARDIM COLORADO (2) | JARDIM DAS HORTENCIAS (1)
74474041	9	05_PRINCIPAL_FORTE_REVISAR	JARDIM COLORADO	88.9	2	0.143	JARDIM COLORADO (8) | NOVO PLANALTO (1)	JARDIM COLORADO (8) | NOVO PLANALTO (1)
74474047	52	05_PRINCIPAL_FORTE_REVISAR	JARDIM COLORADO	98.1	2	0.370	JARDIM COLORADO (51) | VILA MUTIRAO (1)	JARDIM COLORADO (51) | VILA MUTIRAO (1)
74474048	45	05_BAIRROS_DIFERENTES_REVISAR	JARDIM COLORADO	95.6	3	0.556	JARDIM COLORADO (43) | JARDIM DAS HORTENCIAS (1) | JARDIM VISTA BELA (1)	JARDIM COLORADO (43) | JARDIM DAS HORTENCIAS (1) | JARDIM VISTA BELA (1)
74474103	34	05_PRINCIPAL_FORTE_REVISAR	JARDIM DAS HORTENCIAS	97.1	2	0.324	JARDIM DAS HORTENCIAS (33) | PARQUE TREMENDAO (1)	JARDIM DAS HORTÊNCIAS (33) | PARQUE TREMENDAO (1)
74474108	3	05_BAIRROS_DIFERENTES_REVISAR	JARDIM DAS HORTENCIAS	66.7	2	0.556	JARDIM DAS HORTENCIAS (2) | JARDIM COLORADO (1)	JARDIM DAS HORTÊNCIAS (2) | JARDIM COLORADO (1)
74474110	4	05_BAIRROS_DIFERENTES_REVISAR	JARDIM DAS HORTENCIAS	75.0	2	0.513	JARDIM DAS HORTENCIAS (3) | JARDIM CURITIBA IV (1)	JARDIM DAS HORTÊNCIAS (3) | JARDIM CURITIBA IV (1)
74474114	3	05_BAIRROS_DIFERENTES_REVISAR	JARDIM DAS HORTENCIAS	66.7	2	0.579	JARDIM DAS HORTENCIAS (2) | JARDIM VISTA BELA (1)	JARDIM DAS HORTENCIAS (2) | JARDIM VISTA BELA (1)
74474115	10	05_PRINCIPAL_FORTE_REVISAR	JARDIM DAS HORTENCIAS	90.0	2	0.350	JARDIM DAS HORTENCIAS (9) | RESIDENCIAL MARINGA (1)	JARDIM DAS HORTÊNCIAS (9) | RESIDENCIAL MARINGÁ (1)
74474119	2	05_BAIRROS_DIFERENTES_REVISAR	JARDIM COLORADO	50.0	2	0.556	JARDIM COLORADO (1) | JARDIM DAS HORTENCIAS (1)	JARDIM COLORADO (1) | JARDIM DAS HORTÊNCIAS (1)
74474123	17	05_PRINCIPAL_FORTE_REVISAR	JARDIM DAS HORTENCIAS	94.1	2	0.556	JARDIM DAS HORTENCIAS (16) | JARDIM COLORADO (1)	JARDIM DAS HORTENCIAS (16) | JARDIM COLORADO (1)
74474129	12	05_PRINCIPAL_FORTE_REVISAR	JARDIM DAS HORTENCIAS	91.7	2	0.556	JARDIM DAS HORTENCIAS (11) | JARDIM COLORADO (1)	JARDIM DAS HORTÊNCIAS (11) | JARDIM COLORADO (1)
74474136	12	05_PRINCIPAL_FORTE_REVISAR	JARDIM DAS HORTENCIAS	91.7	2	0.324	JARDIM DAS HORTENCIAS (11) | PARQUE TREMENDAO (1)	JARDIM DAS HORTÊNCIAS (11) | PARQUE TREMENDÃO (1)
74474137	7	03_ERRO_OU_GRAFIA_MUITO_PROXIMA	JARDIM DAS HORTENCIAS	85.7	2	0.952	JARDIM DAS HORTENCIAS (6) | JARDIN DAS HORTENCIAS (1)	JARDIM DAS HORTÊNCIAS (5) | JARDIM DAS HORTÊNCIA (1) | JARDIN DAS HORTENCIAS (1)
74474140	25	06_CEP_AMBIGUO	JARDIM DAS HORTENCIAS	64.0	8	0.513	JARDIM DAS HORTENCIAS (16) | JARDIM CURITIBA IV (2) | PARQUE TREMENDAO (2) | PORTAL DAS HORTENCIAS (1) | CANDIDA DE MORAES (1) | RESIDENCIAL GREEN PARK (1) | JARDIM COLORADO (1) | NOVO PLANALTO (1)	JARDIM DAS HORTENCIAS (16) | JARDIM CURITIBA IV (2) | PARQUE TREMENDÃO (2) | PORTAL DAS HORTENCIAS (1) | CANDIDA DE MORAES (1) | RESIDENCIAL GREEN PARK (1) | JARDIM COLORADO (1) | NOVO PLANALTO (1)
74474200	42	05_PRINCIPAL_FORTE_REVISAR	JARDIM VISTA BELA	88.1	2	0.500	JARDIM VISTA BELA (37) | JARDIM COLORADO (5)	JARDIM VISTA BELA (37) | JARDIM COLORADO (5)
74474203	60	06_CEP_AMBIGUO	JARDIM VISTA BELA	90.0	7	0.667	JARDIM VISTA BELA (54) | JARDIM LIBERDADE (1) | NOVO PLANALTO (1) | MANSOES PARAISO (1) | VISTA BELA (1) | JARDIM DAS HORTENCIAS (1) | PARQUE TREMENDAO (1)	JARDIM VISTA BELA (54) | JARDIM LIBERDADE (1) | NOVO PLANALTO (1) | MANSÕES PARAÍSO (1) | VISTA BELA (1) | JARDIM DAS HORTENCIAS (1) | PARQUE TREMENDÃO (1)
74474204	10	05_PRINCIPAL_FORTE_REVISAR	JARDIM VISTA BELA	90.0	2	0.385	JARDIM VISTA BELA (9) | ST MARABA (1)	JARDIM VISTA BELA (9) | ST MARABÁ (1)
74474208	9	05_PRINCIPAL_FORTE_REVISAR	JARDIM VISTA BELA	88.9	2	0.500	JARDIM VISTA BELA (8) | JARDIM COLORADO (1)	JARDIM VISTA BELA (8) | JARDIM COLORADO (1)
74474212	14	05_PRINCIPAL_FORTE_REVISAR	JARDIM VISTA BELA	92.9	2	0.500	JARDIM VISTA BELA (13) | JARDIM COLORADO (1)	JARDIM VISTA BELA (13) | JARDIM COLORADO (1)
74474250	23	05_PRINCIPAL_FORTE_REVISAR	RESIDENCIAL ANGLO	95.7	2	0.312	RESIDENCIAL ANGLO (22) | JARDIM COLORADO (1)	RESIDENCIAL ANGLO (22) | JARDIM COLORADO (1)
74474257	4	05_BAIRROS_DIFERENTES_REVISAR	RESIDENCIAL JARDIM COLORADO	25.0	4	0.652	RESIDENCIAL JARDIM COLORADO (1) | JARDIM COLORADO SUL (1) | RESIDENCIAL ANGLO (1) | JARDIM COLORADO (1)	RESIDENCIAL JARDIM COLORADO (1) | JARDIM COLORADO SUL (1) | RESIDENCIAL ANGLO (1) | JARDIM COLORADO (1)
74474258	2	05_BAIRROS_DIFERENTES_REVISAR	JARDIM COLORADO	50.0	2	0.250	JARDIM COLORADO (1) | RESIDENCIAL ANGLO (1)	JARDIM COLORADO (1) | RESIDENCIAL ANGLO (1)
74474410	29	05_BAIRROS_DIFERENTES_REVISAR	RESIDENCIAL PRIVE NORTE	58.6	3	0.211	RESIDENCIAL PRIVE NORTE (17) | DOM CONSTANTINO (11) | JARDIM DAS HORTENCIAS (1)	RESIDENCIAL PRIVÊ NORTE (17) | DOM CONSTANTINO (11) | JARDIM DAS HORTENCIAS (1)
74474415	18	05_PRINCIPAL_FORTE_REVISAR	RESIDENCIAL PRIVE NORTE	94.4	2	0.316	RESIDENCIAL PRIVE NORTE (17) | JARDIM COLORADO (1)	RESIDENCIAL PRIVÊ NORTE (17) | JARDIM COLORADO (1)
74474500	5	04_NOME_PARECIDO_REVISAR	JARDIM COLORADO EXTENSAO	60.0	2	0.769	JARDIM COLORADO EXTENSAO (3) | JARDIM COLORADO (2)	JARDIM COLORADO EXTENSÃO (3) | JARDIM COLORADO (2)
74474505	21	04_NOME_PARECIDO_REVISAR	JARDIM COLORADO	57.1	2	0.769	JARDIM COLORADO (12) | JARDIM COLORADO EXTENSAO (9)	JARDIM COLORADO (12) | JARDIM COLORADO EXTENSÃO (9)
74474510	6	04_NOME_PARECIDO_REVISAR	JARDIM COLORADO	50.0	3	0.769	JARDIM COLORADO (3) | JARDIM COLORADO EXTENSAO (2) | PARQUE TREMENDAO (1)	JARDIM COLORADO (3) | JARDIM COLORADO EXTENSÃO (2) | PARQUE TREMENDÃO (1)
74474555	4	03_ERRO_OU_GRAFIA_MUITO_PROXIMA	JARDIM COLORADO	50.0	2	0.882	JARDIM COLORADO (2) | JARDIM COLORADO SUL (2)	JARDIM COLORADO (2) | JARDIM COLORADO SUL (2)
74474605	48	03_ERRO_OU_GRAFIA_MUITO_PROXIMA	JARDIM COLORADO	68.8	3	0.938	JARDIM COLORADO (33) | JARDIM COLORADO I (14) | JARDIM DAS HORTENCIAS (1)	JARDIM COLORADO (33) | JARDIM COLORADO I (14) | JARDIM DAS HORTENCIAS (1)
74474615	5	03_ERRO_OU_GRAFIA_MUITO_PROXIMA	JARDIM COLORADO	60.0	2	0.938	JARDIM COLORADO (3) | JARDIM COLORADO I (2)	JARDIM COLORADO (3) | JARDIM COLORADO I (2)
74474625	16	03_ERRO_OU_GRAFIA_MUITO_PROXIMA	JARDIM COLORADO	81.2	2	0.938	JARDIM COLORADO (13) | JARDIM COLORADO I (3)	JARDIM COLORADO (13) | JARDIM COLORADO I (3)
74474635	2	03_ERRO_OU_GRAFIA_MUITO_PROXIMA	JARDIM COLORADO I	50.0	2	0.938	JARDIM COLORADO I (1) | JARDIM COLORADO (1)	Jardim Colorado I (1) | JARDIM COLORADO (1)
74474640	23	03_ERRO_OU_GRAFIA_MUITO_PROXIMA	JARDIM COLORADO	69.6	3	0.938	JARDIM COLORADO (16) | JARDIM COLORADO I (6) | NOROESTE (1)	JARDIM COLORADO (16) | JARDIM COLORADO I (6) | SETOR NOROESTE (1)
74474645	15	03_ERRO_OU_GRAFIA_MUITO_PROXIMA	JARDIM COLORADO	73.3	3	0.938	JARDIM COLORADO (11) | JARDIM COLORADO I (3) | JARDIM COLORADO L (1)	JARDIM COLORADO (11) | Jardim Colorado I (3) | JARDIM COLORADO L (1)
74474665	2	03_ERRO_OU_GRAFIA_MUITO_PROXIMA	JARDIM COLORADO	50.0	2	0.909	JARDIM COLORADO (1) | JARDIM COLORADO II (1)	JARDIM COLORADO (1) | JARDIM COLORADO II (1)
74474670	6	03_ERRO_OU_GRAFIA_MUITO_PROXIMA	JARDIM COLORADO	83.3	2	0.909	JARDIM COLORADO (5) | JARDIM COLORADO II (1)	JARDIM COLORADO (5) | JARDIM COLORADO II (1)
74474705	3	05_BAIRROS_DIFERENTES_REVISAR	JARDIM COLORADO	66.7	2	0.581	JARDIM COLORADO (2) | JARDIM LAGO AZUL (1)	JARDIM COLORADO (2) | JARDIM LAGO AZUL (1)
74475009	12	05_PRINCIPAL_FORTE_REVISAR	PARQUE TREMENDAO	91.7	2	0.276	PARQUE TREMENDAO (11) | NOVO PLANALTO (1)	PARQUE TREMENDÃO (7) | Setor Parque Tremendão (4) | NOVO PLANALTO (1)
74475020	24	03_ERRO_OU_GRAFIA_MUITO_PROXIMA	PARQUE TREMENDAO	95.8	2	0.941	PARQUE TREMENDAO (23) | PARQUE TREMENDAO 2 (1)	PARQUE TREMENDÃO (18) | SETOR PARQUE TREMENDÃO (5) | PARQUE TREMENDÃO 2 (1)
74475060	4	05_BAIRROS_DIFERENTES_REVISAR	PARQUE TREMENDAO	75.0	2	0.375	PARQUE TREMENDAO (3) | JARDIM LIBERDADE (1)	PARQUE TREMENDÃO (2) | JARDIM LIBERDADE (1) | SETOR PARQUE TREMENDÃO (1)
74475075	7	05_BAIRROS_DIFERENTES_REVISAR	PARQUE TREMENDAO	42.9	4	0.323	PARQUE TREMENDAO (3) | VILAGE NOROESTE (2) | VILLAGE NOROESTE (1) | PARQUE TREMNDAO (1)	PARQUE TREMENDÃO (3) | VILAGE NOROESTE (2) | VILLAGE NOROESTE (1) | PARQUE TREMNDÃO (1)
74475095	3	05_BAIRROS_DIFERENTES_REVISAR	PARQUE TREMENDAO	66.7	2	0.133	PARQUE TREMENDAO (2) | RESIDENCIAL VALE DOS CARAIBAS (1)	Setor Parque Tremendão (1) | RESIDENCIAL VALE DOS CARAIBAS (1) | PARQUE TREMENDÃO (1)
74475122	3	05_BAIRROS_DIFERENTES_REVISAR	VILA FINSOCIAL	66.7	2	0.370	VILA FINSOCIAL (2) | MORADA DO SOL (1)	VILA FINSOCIAL (2) | MORADA DO SOL (1)
74475137	6	05_PRINCIPAL_FORTE_REVISAR	MORADA DO SOL	83.3	2	0.650	MORADA DO SOL (5) | SITIO RECREIO MORADA DO SOL (1)	SETOR MORADA DO SOL (4) | MORADA DO SOL (1) | SITIO RECREIO MORADA DO SOL (1)
74475143	13	05_PRINCIPAL_FORTE_REVISAR	MORADA DO SOL	92.3	2	0.370	MORADA DO SOL (12) | VILA FINSOCIAL (1)	SETOR MORADA DO SOL (6) | MORADA DO SOL (6) | VILA FINSOCIAL (1)
74475400	2	03_ERRO_OU_GRAFIA_MUITO_PROXIMA	VILA MUTIRAO II	50.0	2	0.889	VILA MUTIRAO II (1) | VILA MUTIRAO (1)	Vila Mutirão II (1) | VILA MUTIRÃO (1)
74475405	5	03_ERRO_OU_GRAFIA_MUITO_PROXIMA	VILA MUTIRAO	60.0	2	0.889	VILA MUTIRAO (3) | VILA MUTIRAO II (2)	Vila Mutirão (3) | VILA MUTIRÃO II (2)
74475410	15	03_ERRO_OU_GRAFIA_MUITO_PROXIMA	VILA MUTIRAO	73.3	3	0.889	VILA MUTIRAO (11) | VILA MUTIRAO II (2) | JARDIM LIBERDADE (2)	VILA MUTIRÃO (11) | VILA MUTIRÃO II (2) | JARDIM LIBERDADE (2)
74475415	3	03_ERRO_OU_GRAFIA_MUITO_PROXIMA	VILA MUTIRAO II	66.7	2	0.889	VILA MUTIRAO II (2) | VILA MUTIRAO (1)	VILA MUTIRÃO II (2) | VILA MUTIRÃO (1)
74475417	3	03_ERRO_OU_GRAFIA_MUITO_PROXIMA	VILA MUTIRAO II	66.7	2	0.889	VILA MUTIRAO II (2) | VILA MUTIRAO (1)	VILA MUTIRÃO II (2) | VILA MUTIRÃO (1)
74475420	18	03_ERRO_OU_GRAFIA_MUITO_PROXIMA	VILA MUTIRAO II	50.0	3	0.889	VILA MUTIRAO II (9) | VILA MUTIRAO (7) | JARDIM LIBERDADE (2)	VILA MUTIRÃO II (9) | VILA MUTIRÃO (7) | JARDIM LIBERDADE (2)
74475425	3	03_ERRO_OU_GRAFIA_MUITO_PROXIMA	VILA MUTIRAO	66.7	2	0.889	VILA MUTIRAO (2) | VILA MUTIRAO II (1)	VILA MUTIRÃO (2) | Vila Mutirão II (1)
74475430	4	03_ERRO_OU_GRAFIA_MUITO_PROXIMA	VILA MUTIRAO	75.0	2	0.889	VILA MUTIRAO (3) | VILA MUTIRAO II (1)	VILA MUTIRÃO (3) | VILA MUTIRÃO II (1)
74475440	9	03_ERRO_OU_GRAFIA_MUITO_PROXIMA	VILA MUTIRAO	77.8	2	0.889	VILA MUTIRAO (7) | VILA MUTIRAO II (2)	VILA MUTIRÃO (6) | VILA MUTIRÃO II (2) | VILA  MUTIRÃO (1)
74475450	10	03_ERRO_OU_GRAFIA_MUITO_PROXIMA	VILA MUTIRAO	60.0	3	0.889	VILA MUTIRAO (6) | VILA MUTIRAO II (3) | JARDIM LIBERDADE (1)	VILA MUTIRÃO (6) | VILA MUTIRÃO II (3) | JARDIM LIBERDADE (1)
74475455	5	03_ERRO_OU_GRAFIA_MUITO_PROXIMA	VILA MUTIRAO	60.0	2	0.889	VILA MUTIRAO (3) | VILA MUTIRAO II (2)	VILA MUTIRÂO (3) | Vila Mutirão II (2)
74475460	30	03_ERRO_OU_GRAFIA_MUITO_PROXIMA	VILA MUTIRAO	56.7	3	0.889	VILA MUTIRAO (17) | VILA MUTIRAO II (9) | JARDIM LIBERDADE (4)	VILA MUTIRÃO (17) | Vila Mutirão II (9) | JARDIM LIBERDADE (4)
74475463	9	05_BAIRROS_DIFERENTES_REVISAR	JARDIM LIBERDADE	55.6	2	0.258	JARDIM LIBERDADE (5) | VILA MUTIRAO II (4)	JARDIM LIBERDADE (5) | Vila Mutirão II (4)
74475465	6	03_ERRO_OU_GRAFIA_MUITO_PROXIMA	VILA MUTIRAO	50.0	3	0.889	VILA MUTIRAO (3) | VILA MUTIRAO II (2) | JARDIM LIBERDADE (1)	VILA MUTIRÃO (3) | VILA MUTIRÃO II (2) | JARDIM LIBERDADE (1)
74475467	7	05_BAIRROS_DIFERENTES_REVISAR	VILA MUTIRAO	71.4	2	0.214	VILA MUTIRAO (5) | JARDIM LIBERDADE (2)	Vila Mutirão (5) | JARDIM LIBERDADE (2)
74475470	17	03_ERRO_OU_GRAFIA_MUITO_PROXIMA	VILA MUTIRAO	64.7	2	0.889	VILA MUTIRAO (11) | VILA MUTIRAO II (6)	VILA MUTIRÃO (11) | VILA MUTIRÃO II (6)
74475475	16	03_ERRO_OU_GRAFIA_MUITO_PROXIMA	VILA MUTIRAO	62.5	2	0.889	VILA MUTIRAO (10) | VILA MUTIRAO II (6)	VILA MUTIRÃO (10) | VILA MUTIRÃO II (6)
74475485	2	05_BAIRROS_DIFERENTES_REVISAR	JARDIM LIBERDADE	50.0	2	0.214	JARDIM LIBERDADE (1) | VILA MUTIRAO (1)	JARDIM LIBERDADE (1) | VILA MUTIRÃO (1)
74475520	47	05_PRINCIPAL_FORTE_REVISAR	JARDIM LIBERDADE	91.5	2	0.214	JARDIM LIBERDADE (43) | VILA MUTIRAO (4)	JARDIM LIBERDADE (43) | VILA MUTIRÃO (4)
74475530	43	04_NOME_PARECIDO_REVISAR	JARDIM LIBERDADE	97.7	2	0.720	JARDIM LIBERDADE (42) | LIBERDADE (1)	Jardim Liberdade (42) | LIBERDADE (1)
74475540	16	05_PRINCIPAL_FORTE_REVISAR	JARDIM LIBERDADE	87.5	2	0.214	JARDIM LIBERDADE (14) | VILA MUTIRAO (2)	JARDIM LIBERDADE (14) | VILA MUTIRÃO (2)
74475550	24	05_PRINCIPAL_FORTE_REVISAR	JARDIM LIBERDADE	95.8	2	0.286	JARDIM LIBERDADE (23) | PERIM (1)	JARDIM LIBERDADE (23) | SETOR PERIM (1)
74475580	38	05_BAIRROS_DIFERENTES_REVISAR	JARDIM LIBERDADE	89.5	4	0.214	JARDIM LIBERDADE (34) | VILA MUTIRAO (2) | JARDIM VISTA BELA (1) | RESIDENCIAL FORTALEZA (1)	JARDIM LIBERDADE (34) | VILA MUTIRÃO (2) | JARDIM VISTA BELA (1) | RESIDENCIAL FORTALEZA (1)
74475610	27	05_PRINCIPAL_FORTE_REVISAR	JARDIM LIBERDADE	96.3	2	0.138	JARDIM LIBERDADE (26) | NOVO PLANALTO (1)	JARDIM LIBERDADE (26) | NOVO PLANALTO (1)
74475630	4	05_BAIRROS_DIFERENTES_REVISAR	JARDIM LIBERDADE	75.0	2	0.214	JARDIM LIBERDADE (3) | VILA MUTIRAO (1)	JARDIM LIBERDADE (3) | VILA MUTIRÃO (1)
74475660	77	05_PRINCIPAL_FORTE_REVISAR	JARDIM LIBERDADE	96.1	2	0.214	JARDIM LIBERDADE (74) | VILA MUTIRAO (3)	JARDIM LIBERDADE (74) | VILA MUTIRÃO (3)
74475680	10	05_PRINCIPAL_FORTE_REVISAR	JARDIM LIBERDADE	90.0	2	0.138	JARDIM LIBERDADE (9) | NOVO PLANALTO (1)	JARDIM LIBERDADE (9) | NOVO PLANALTO (1)
74475802	9	03_ERRO_OU_GRAFIA_MUITO_PROXIMA	PARQUE TREMENDAO	77.8	3	0.941	PARQUE TREMENDAO (7) | PARQUE TREMENDAO 2 (1) | TREMENDAO (1)	SETOR PARQUE TREMENDÃO (4) | PARQUE TREMENDÃO (3) | PARQUE TREMENDÃO 2 (1) | TREMENDÃO (1)
74476030	11	05_PRINCIPAL_FORTE_REVISAR	RESIDENCIAL FORTALEZA	90.9	2	0.194	RESIDENCIAL FORTALEZA (10) | DA VITORIA (1)	RESIDENCIAL FORTALEZA (10) | BAIRRO DA VITORIA (1)
74476065	7	05_BAIRROS_DIFERENTES_REVISAR	RESIDENCIAL FORTALEZA	71.4	3	0.235	RESIDENCIAL FORTALEZA (5) | NOVO PLANALTO (1) | JARDIM LIBERDADE (1)	RESIDENCIAL FORTALEZA (5) | NOVO PLANALTO (1) | JARDIM LIBERDADE (1)
74476100	3	05_BAIRROS_DIFERENTES_REVISAR	RESIDENCIAL FORTALEZA	66.7	2	0.143	RESIDENCIAL FORTALEZA (2) | CONDOMINIO TERRA NOVA (1)	RESIDENCIAL FORTALEZA (2) | CONDOMÍNIO TERRA NOVA (1)
74476110	9	05_BAIRROS_DIFERENTES_REVISAR	RESIDENCIAL FORTALEZA	66.7	3	0.216	RESIDENCIAL FORTALEZA (6) | JARDIM LIBERDADE (2) | VILA MUTIRAO (1)	RESIDENCIAL FORTALEZA (6) | JARDIM LIBERDADE (2) | VILA MUTIRÃO (1)
74477009	2	05_BAIRROS_DIFERENTES_REVISAR	SAO CARLOS	50.0	2	0.300	SAO CARLOS (1) | DA VITORIA (1)	SAO CARLOS (1) | BAIRRO DA VITÓRIA (1)
74477010	4	05_BAIRROS_DIFERENTES_REVISAR	DA VITORIA	50.0	3	0.323	DA VITORIA (2) | CONDOMINIO TERRA NOVA (1) | RESERVA CAMPO BELO (1)	BAIRRO DA VITÓRIA (2) | CONDOMÍNIO TERRA NOVA (1) | RESERVA CAMPO BELO (1)
74477012	10	05_BAIRROS_DIFERENTES_REVISAR	DA VITORIA	60.0	4	0.323	DA VITORIA (6) | JARDIM NOVA ESPERANCA (2) | CANDIDA DE MORAES (1) | SAO CARLOS (1)	BAIRRO DA VITÓRIA (5) | JARDIM NOVA ESPERANÇA (2) | Da Vitória (1) | CANDIDA DE MORAES (1) | SÃO CARLOS (1)
74477076	4	05_BAIRROS_DIFERENTES_REVISAR	SAO CARLOS	75.0	2	0.300	SAO CARLOS (3) | DA VITORIA (1)	SÃO CARLOS (2) | BAIRRO SÃO CARLOS (1) | Da Vitória (1)
74477088	14	05_PRINCIPAL_FORTE_REVISAR	SAO CARLOS	92.9	2	0.258	SAO CARLOS (13) | JARDIM NOVA ESPERANCA (1)	SÃO CARLOS (13) | Jardim Nova Esperança (1)
74480000	4	05_BAIRROS_DIFERENTES_REVISAR	COLORADO	25.0	4	0.267	COLORADO (1) | CAPUAVA (1) | JARDIM NOVO MUNDO (1) | JARDIM COLORADO (1)	COLORADO (1) | BAIRRO CAPUAVA (1) | JARDIM NOVO MUNDO (1) | JARDIM COLORADO (1)
74480020	3	05_BAIRROS_DIFERENTES_REVISAR	VILA MUTIRAO	66.7	2	0.214	VILA MUTIRAO (2) | JARDIM LIBERDADE (1)	VILA MUTIRÃO (2) | JARDIM LIBERDADE (1)
74480030	41	05_PRINCIPAL_FORTE_REVISAR	JARDIM LIBERDADE	95.1	2	0.214	JARDIM LIBERDADE (39) | VILA MUTIRAO (2)	JARDIM LIBERDADE (39) | VILA MUTIRÃO (2)
74480040	9	03_ERRO_OU_GRAFIA_MUITO_PROXIMA	VILA MUTIRAO	66.7	2	0.923	VILA MUTIRAO (6) | VILA MUTIRAO I (3)	VILA MUTIRÃO (6) | VILA MUTIRÃO I (3)
74480060	55	05_BAIRROS_DIFERENTES_REVISAR	NOVO PLANALTO	94.5	4	0.400	NOVO PLANALTO (52) | VILA MUTIRAO (1) | JARDIM NOVA ESPERANCA (1) | MANSOES PARAISO (1)	NOVO PLANALTO (32) | SETOR NOVO PLANALTO (20) | Vila Mutirão (1) | JARDIM NOVA ESPERANÇA (1) | MANSÕES PARAISO (1)
74480070	29	05_BAIRROS_DIFERENTES_REVISAR	JARDIM LIBERDADE	82.8	3	0.138	JARDIM LIBERDADE (24) | NOVO PLANALTO (3) | VILA MUTIRAO (2)	JARDIM LIBERDADE (24) | NOVO PLANALTO (2) | VILA MUTIRÃO (2) | SETOR NOVO PLANALTO (1)
74480110	29	03_ERRO_OU_GRAFIA_MUITO_PROXIMA	VILA MUTIRAO	44.8	4	0.923	VILA MUTIRAO (13) | VILA MUTIRAO I (10) | JARDIM LIBERDADE (5) | JARDIM CURITIBA IV (1)	VILA MUTIRÃO (13) | VILA MUTIRÃO I (10) | JARDIM LIBERDADE (5) | JARDIM CURITIBA IV (1)
74480120	13	03_ERRO_OU_GRAFIA_MUITO_PROXIMA	VILA MUTIRAO I	53.8	3	0.923	VILA MUTIRAO I (7) | VILA MUTIRAO (5) | CURITIBA 4 (1)	VILA MUTIRÃO I (7) | VILA MUTIRÃO (5) | CURITIBA 4 (1)
74480140	14	03_ERRO_OU_GRAFIA_MUITO_PROXIMA	VILA MUTIRAO	64.3	3	0.923	VILA MUTIRAO (9) | VILA MUTIRAO I (4) | JARDIM LIBERDADE (1)	VILA MUTIRÃO (9) | VILA MUTIRÃO I (4) | JARDIM LIBERDADE (1)
74480150	18	03_ERRO_OU_GRAFIA_MUITO_PROXIMA	VILA MUTIRAO I	50.0	3	0.923	VILA MUTIRAO I (9) | VILA MUTIRAO (8) | JARDIM LIBERDADE (1)	Vila Mutirão I (9) | VILA MUTIRÃO (8) | JARDIM LIBERDADE (1)
74480160	22	03_ERRO_OU_GRAFIA_MUITO_PROXIMA	VILA MUTIRAO I	54.5	2	0.923	VILA MUTIRAO I (12) | VILA MUTIRAO (10)	Vila Mutirão I (12) | VILA MUTIRÃO (10)
74480170	20	03_ERRO_OU_GRAFIA_MUITO_PROXIMA	VILA MUTIRAO	65.0	2	0.923	VILA MUTIRAO (13) | VILA MUTIRAO I (7)	VILA MUTIRAO (13) | VILA MUTIRÃO I (7)
74480180	26	03_ERRO_OU_GRAFIA_MUITO_PROXIMA	VILA MUTIRAO	61.5	3	0.923	VILA MUTIRAO (16) | VILA MUTIRAO I (9) | VILA MULTIRAO I (1)	VILA MUTIRÃO (16) | Vila Mutirão I (9) | VILA MULTIRÃO I (1)
74480190	5	03_ERRO_OU_GRAFIA_MUITO_PROXIMA	VILA MUTIRAO	60.0	3	0.960	VILA MUTIRAO (3) | VILA MULTIRAO (1) | VILA MUTIRAO I (1)	VILA MUTIRÃO (3) | VILA MULTIRÃO (1) | Vila Mutirão I (1)
74480230	16	03_ERRO_OU_GRAFIA_MUITO_PROXIMA	VILA MUTIRAO	62.5	2	0.923	VILA MUTIRAO (10) | VILA MUTIRAO I (6)	VILA MUTIRÃO (10) | VILA MUTIRÃO I (6)
74480240	27	03_ERRO_OU_GRAFIA_MUITO_PROXIMA	VILA MUTIRAO I	51.9	4	0.923	VILA MUTIRAO I (14) | VILA MUTIRAO (11) | CANDIDA DE MORAIS (1) | NOVO PLANALTO (1)	VILA MUTIRÃO I (14) | VILA MUTIRÃO (11) | CANDIDA DE MORAIS (1) | NOVO PLANALTO (1)
74480250	27	03_ERRO_OU_GRAFIA_MUITO_PROXIMA	VILA MUTIRAO	55.6	4	0.923	VILA MUTIRAO (15) | VILA MUTIRAO I (10) | JARDIM LIBERDADE (1) | VILA MULTIRAO (1)	VILA MUTIRÃO (15) | Vila Mutirão I (10) | Jardim Liberdade (1) | VILA MULTIRÃO (1)
74480260	29	03_ERRO_OU_GRAFIA_MUITO_PROXIMA	VILA MUTIRAO	55.2	3	0.923	VILA MUTIRAO (16) | VILA MUTIRAO I (12) | RESIDENCIAL GREEN PARK (1)	VILA MUTIRÃO (16) | VILA MUTIRÃO I (12) | RESIDENCIAL GREEN PARK (1)
74480270	20	03_ERRO_OU_GRAFIA_MUITO_PROXIMA	VILA MUTIRAO	50.0	3	0.923	VILA MUTIRAO (10) | VILA MUTIRAO I (9) | JARDIM LIBERDADE (1)	Vila Mutirão (10) | VILA MUTIRÃO I (9) | JARDIM LIBERDADE (1)
74480280	20	03_ERRO_OU_GRAFIA_MUITO_PROXIMA	VILA MUTIRAO I	50.0	3	0.923	VILA MUTIRAO I (10) | VILA MUTIRAO (9) | NOVO PLANALTO (1)	Vila Mutirão I (10) | VILA MUTIRÃO (9) | NOVO PLANALTO (1)
74480282	8	03_ERRO_OU_GRAFIA_MUITO_PROXIMA	VILA MUTIRAO	75.0	2	0.923	VILA MUTIRAO (6) | VILA MUTIRAO I (2)	VILA MUTIRÃO (6) | VILA MUTIRÃO I (2)
74480290	5	03_ERRO_OU_GRAFIA_MUITO_PROXIMA	VILA MUTIRAO	60.0	3	0.923	VILA MUTIRAO (3) | VILA MUTIRAO I (1) | PERIM (1)	VILA MUTIRÃO (3) | Vila Mutirão I (1) | SETOR PERIM (1)
74480300	15	03_ERRO_OU_GRAFIA_MUITO_PROXIMA	VILA MUTIRAO I	60.0	4	0.923	VILA MUTIRAO I (9) | VILA MUTIRAO (4) | VILA MULTIRAO (1) | VILA MUTIRAO 1 (1)	VILA MUTIRÃO I (9) | VILA MUTIRÃO (4) | VILA MULTIRÃO (1) | VILA MUTIRAO 1 (1)
74480310	7	03_ERRO_OU_GRAFIA_MUITO_PROXIMA	VILA MUTIRAO I	57.1	4	0.923	VILA MUTIRAO I (4) | VILA MUTIRAO (1) | NOVO PLANALTO (1) | JARDIM LIBERDADE (1)	VILA MUTIRÃO I (4) | VILA MUTIRÃO (1) | NOVO PLANALTO (1) | JARDIM LIBERDADE (1)
74480320	9	05_BAIRROS_DIFERENTES_REVISAR	JARDIM LIBERDADE	44.4	3	0.214	JARDIM LIBERDADE (4) | VILA MUTIRAO (4) | VILA MUTIRAO I (1)	JARDIM LIBERDADE (4) | VILA MUTIRÃO (4) | VILA MUTIRÃO I (1)
74480330	45	05_PRINCIPAL_FORTE_REVISAR	NOVO PLANALTO	97.8	2	0.286	NOVO PLANALTO (44) | JARDIM COLORADO (1)	NOVO PLANALTO (29) | SETOR NOVO PLANALTO (15) | JARDIM COLORADO (1)
74480340	41	05_PRINCIPAL_FORTE_REVISAR	NOVO PLANALTO	97.6	2	0.286	NOVO PLANALTO (40) | JARDIM COLORADO (1)	NOVO PLANALTO (23) | SETOR NOVO PLANALTO (17) | JARDIM COLORADO (1)
74480350	52	05_BAIRROS_DIFERENTES_REVISAR	NOVO PLANALTO	96.2	3	0.286	NOVO PLANALTO (50) | JARDIM COLORADO (1) | CANDIDA DE MORAES (1)	NOVO PLANALTO (29) | Setor Novo Planalto (21) | JARDIM COLORADO (1) | CANDIDA DE MORAES (1)
74480355	47	05_PRINCIPAL_FORTE_REVISAR	NOVO PLANALTO	97.9	2	0.267	NOVO PLANALTO (46) | JARDIM VISTA BELA (1)	NOVO PLANALTO (28) | SETOR NOVO PLANALTO (18) | JARDIM VISTA BELA (1)
74480382	19	05_BAIRROS_DIFERENTES_REVISAR	NOVO PLANALTO	89.5	3	0.167	NOVO PLANALTO (17) | RESIDENCIAL PRIVE NORTE (1) | VILA MARTINS (1)	NOVO PLANALTO (13) | SETOR NOVO PLANALTO (4) | RESIDENCIAL PRIVE NORTE (1) | VILA MARTINS (1)
74480387	3	05_BAIRROS_DIFERENTES_REVISAR	NOVO PLANALTO	66.7	2	0.111	NOVO PLANALTO (2) | PERIM (1)	NOVO PLANALTO (2) | SETOR PERIM (1)
74480390	29	05_PRINCIPAL_FORTE_REVISAR	NOVO PLANALTO	96.6	2	0.286	NOVO PLANALTO (28) | JARDIM COLORADO (1)	NOVO PLANALTO (15) | Setor Novo Planalto (13) | JARDIM COLORADO (1)
74480430	23	03_ERRO_OU_GRAFIA_MUITO_PROXIMA	JARDIM CURITIBA IV	78.3	3	0.909	JARDIM CURITIBA IV (18) | JARDIM CURITIBA (4) | JARDIM LIBERDADE (1)	JARDIM CURITIBA IV (17) | JARDIM CURITIBA (4) | JARDIM CURITIBA  IV (1) | JARDIM LIBERDADE (1)
74480440	17	03_ERRO_OU_GRAFIA_MUITO_PROXIMA	JARDIM CURITIBA IV	82.4	2	0.909	JARDIM CURITIBA IV (14) | JARDIM CURITIBA (3)	JARDIM CURITIBA IV (14) | JARDIM CURITIBA (3)
74480450	40	03_ERRO_OU_GRAFIA_MUITO_PROXIMA	JARDIM CURITIBA IV	75.0	2	0.909	JARDIM CURITIBA IV (30) | JARDIM CURITIBA (10)	JARDIM CURITIBA IV (26) | JARDIM CURITIBA (10) | Jardim Curitiba 4 (2) | CURITIBA IV (1) | JARDIM CURITBA IV (1)
74480460	15	03_ERRO_OU_GRAFIA_MUITO_PROXIMA	JARDIM CURITIBA IV	60.0	3	0.909	JARDIM CURITIBA IV (9) | JARDIM CURITIBA (5) | PARQUE MARACANA (1)	JARDIM CURITIBA IV (9) | JARDIM CURITIBA (5) | PARQUE MARACANÃ (1)
74480470	7	03_ERRO_OU_GRAFIA_MUITO_PROXIMA	JARDIM CURITIBA	57.1	3	0.909	JARDIM CURITIBA (4) | JARDIM CURITIBA IV (2) | JARDIM CURITIBA I (1)	JARDIM CURITIBA (4) | JARDIM CURITIBA IV (2) | JARDIM CURITIBA I (1)
74480480	3	03_ERRO_OU_GRAFIA_MUITO_PROXIMA	JARDIM CURITIBA IV	66.7	2	0.909	JARDIM CURITIBA IV (2) | JARDIM CURITIBA (1)	JARDIM CURITIBA IV (2) | Jardim Curitiba (1)
74480485	6	03_ERRO_OU_GRAFIA_MUITO_PROXIMA	JARDIM CURITIBA	50.0	4	0.909	JARDIM CURITIBA (3) | JARDIM CURITIBA LV (1) | JARDIM VISTA BELA (1) | JARDIM CURITIBA IV (1)	JARDIM CURITIBA (3) | Jardim Curitiba lV (1) | JARDIM VISTA BELA (1) | JARDIM CURITIBA IV (1)
74480500	5	03_ERRO_OU_GRAFIA_MUITO_PROXIMA	JARDIM CURITIBA IV	80.0	2	0.909	JARDIM CURITIBA IV (4) | JARDIM CURITIBA (1)	JARDIM CURITIBA IV (3) | JARDIM CURITIBA (1) | Jardim Curitiba 4 (1)
74480510	2	03_ERRO_OU_GRAFIA_MUITO_PROXIMA	JARDIM CURITIBA IV	50.0	2	0.909	JARDIM CURITIBA IV (1) | JARDIM CURITIBA (1)	JARDIM CURITIBA IV (1) | Jardim Curitiba (1)
74480520	11	03_ERRO_OU_GRAFIA_MUITO_PROXIMA	JARDIM CURITIBA IV	90.9	2	0.909	JARDIM CURITIBA IV (10) | JARDIM CURITIBA (1)	JARDIM CURITIBA IV (10) | Jardim Curitiba (1)
74480530	17	03_ERRO_OU_GRAFIA_MUITO_PROXIMA	JARDIM CURITIBA IV	88.2	2	0.909	JARDIM CURITIBA IV (15) | JARDIM CURITIBA (2)	JARDIM CURITIBA IV (13) | Jardim Curitiba (2) | CURITIBA IV (1) | Jardim Curitiba 4 (1)
74480540	6	03_ERRO_OU_GRAFIA_MUITO_PROXIMA	JARDIM CURITIBA IV	83.3	2	0.909	JARDIM CURITIBA IV (5) | JARDIM CURITIBA (1)	JARDIM CURITIBA IV (5) | JARDIM CURITIBA (1)
74480550	6	03_ERRO_OU_GRAFIA_MUITO_PROXIMA	JARDIM CURITIBA IV	66.7	2	0.909	JARDIM CURITIBA IV (4) | JARDIM CURITIBA (2)	JARDIM CURITIBA IV (4) | JARDIM CURITIBA (2)
74480560	14	03_ERRO_OU_GRAFIA_MUITO_PROXIMA	JARDIM CURITIBA IV	64.3	2	0.909	JARDIM CURITIBA IV (9) | JARDIM CURITIBA (5)	JARDIM CURITIBA IV (9) | JARDIM CURITIBA (5)
74480570	10	03_ERRO_OU_GRAFIA_MUITO_PROXIMA	JARDIM CURITIBA IV	80.0	2	0.909	JARDIM CURITIBA IV (8) | JARDIM CURITIBA (2)	JARDIM CURITIBA IV (8) | Jardim Curitiba (2)
74480590	6	05_BAIRROS_DIFERENTES_REVISAR	JARDIM CURITIBA IV	66.7	3	0.205	JARDIM CURITIBA IV (4) | RESIDENCIAL FORTALEZA (1) | JARDIM CURITIBA (1)	JARDIM CURITIBA IV (4) | RESIDENCIAL FORTALEZA (1) | Jardim Curitiba (1)
74480600	2	03_ERRO_OU_GRAFIA_MUITO_PROXIMA	JARDIM CURITIBA IV	50.0	2	0.909	JARDIM CURITIBA IV (1) | JARDIM CURITIBA (1)	JARDIM CURITIBA IV (1) | JARDIM CURITIBA (1)
74480610	5	03_ERRO_OU_GRAFIA_MUITO_PROXIMA	JARDIM CURITIBA	40.0	3	0.909	JARDIM CURITIBA (2) | JARDIM CURITIBA IV (2) | PARQUE TREMENDAO (1)	JARDIM CURITIBA (2) | JARDIM CURITIBA IV (2) | PARQUE TREMENDÃO (1)
74480620	8	03_ERRO_OU_GRAFIA_MUITO_PROXIMA	JARDIM CURITIBA IV	75.0	2	0.909	JARDIM CURITIBA IV (6) | JARDIM CURITIBA (2)	JARDIM CURITIBA IV (5) | JARDIM CURITIBA (2) | JARDIM CURITIBA 4 (1)
74480640	5	03_ERRO_OU_GRAFIA_MUITO_PROXIMA	JARDIM CURITIBA IV	60.0	2	0.909	JARDIM CURITIBA IV (3) | JARDIM CURITIBA (2)	JARDIM CURITIBA IV (3) | JARDIM CURITIBA (2)
74480650	30	03_ERRO_OU_GRAFIA_MUITO_PROXIMA	JARDIM CURITIBA IV	63.3	5	0.909	JARDIM CURITIBA IV (19) | JARDIM CURITIBA (8) | JARDIM LIBERDADE (1) | VILA MUTIRAO (1) | SAO CARLOS (1)	JARDIM CURITIBA IV (19) | JARDIM CURITIBA (8) | JARDIM LIBERDADE (1) | VILA MUTIRÃO (1) | SÃO CARLOS (1)
74480660	11	03_ERRO_OU_GRAFIA_MUITO_PROXIMA	JARDIM CURITIBA IV	72.7	2	0.909	JARDIM CURITIBA IV (8) | JARDIM CURITIBA (3)	JARDIM CURITIBA IV (6) | JARDIM CURITIBA (3) | CURITIBA IV (1) | Jardim Curitiba 4 (1)
74480710	2	05_BAIRROS_DIFERENTES_REVISAR	MANSOES PARAISO	50.0	2	0.200	MANSOES PARAISO (1) | JARDIM CURITIBA (1)	MANSOES PARAISO (1) | Jardim Curitiba (1)
74480720	2	05_BAIRROS_DIFERENTES_REVISAR	MANSOES PARAISO	50.0	2	0.242	MANSOES PARAISO (1) | JARDIM CURITIBA II (1)	MANSÕES PARAÍSO (1) | JARDIM CURITIBA II (1)
74480800	11	03_ERRO_OU_GRAFIA_MUITO_PROXIMA	JARDIM CURITIBA IV	45.5	6	0.909	JARDIM CURITIBA IV (5) | JARDIM CURITIBA (2) | JARDIM CURITIBA 3 (1) | VILA MUTIRAO (1) | JARDIM CURITIBA 2 (1) | JARDIM CURITIBA II (1)	JARDIM CURITIBA IV (4) | JARDIM CURITIBA (2) | Jardim Curitiba 3 (1) | Jardim Curitiba 4 (1) | VILA MUTIRÃO (1) | Jardim Curitiba 2 (1) | JARDIM CURITIBA II (1)
74481030	2	03_ERRO_OU_GRAFIA_MUITO_PROXIMA	JARDIM CURITIBA IV	50.0	2	0.914	JARDIM CURITIBA IV (1) | JARDIM CURITIBA 2 (1)	JARDIM CURITIBA IV (1) | JARDIM CURITIBA 2 (1)
74481220	2	03_ERRO_OU_GRAFIA_MUITO_PROXIMA	JARDIM CURITIBA	50.0	2	0.938	JARDIM CURITIBA (1) | JARDIM CURITIBA 2 (1)	JARDIM CURITIBA (1) | JARDIM CURITIBA 2 (1)
74481580	4	03_ERRO_OU_GRAFIA_MUITO_PROXIMA	JARDIM CURITIBA	75.0	2	0.938	JARDIM CURITIBA (3) | JARDIM CURITIBA 2 (1)	Jardim Curitiba (3) | Jardim Curitiba 2 (1)
74481615	5	05_PRINCIPAL_FORTE_REVISAR	RESIDENCIAL GREEN PARK	80.0	2	0.118	RESIDENCIAL GREEN PARK (4) | VILA MUTIRAO (1)	RESIDENCIAL GREEN PARK (4) | VILA MUTIRAO (1)
74481620	7	05_BAIRROS_DIFERENTES_REVISAR	RESIDENCIAL GREEN PARK	71.4	3	0.118	RESIDENCIAL GREEN PARK (5) | VILA MUTIRAO (1) | GREEN PARK (1)	RESIDENCIAL GREEN PARK (5) | VILA MUTIRÃO (1) | GREEN PARK (1)
74481640	12	05_BAIRROS_DIFERENTES_REVISAR	RESIDENCIAL GREEN PARK	83.3	3	0.118	RESIDENCIAL GREEN PARK (10) | VILA MUTIRAO (1) | RES GREEN PARK (1)	RESIDENCIAL GREEN PARK (10) | VILA MUTIRÃO (1) | RES. GREEN PARK (1)
74481700	32	05_BAIRROS_DIFERENTES_REVISAR	MANSOES PARAISO	62.5	2	0.714	MANSOES PARAISO (20) | RESIDENCIAL MANSOES PARAISO (12)	MANSÕES PARAÍSO (20) | Residencial Mansões Paraíso (12)
74481705	48	05_BAIRROS_DIFERENTES_REVISAR	MANSOES PARAISO	70.8	3	0.714	MANSOES PARAISO (34) | RESIDENCIAL MANSOES PARAISO (13) | MANCOES PARAISO (1)	MANSÕES PARAÍSO (34) | Residencial Mansões Paraíso (13) | MANÇOES PARAÍSO (1)
74481710	45	05_BAIRROS_DIFERENTES_REVISAR	MANSOES PARAISO	62.2	2	0.714	MANSOES PARAISO (28) | RESIDENCIAL MANSOES PARAISO (17)	MANSÕES PARAÍSO (28) | RESIDENCIAL MANSÕES PARAÍSO (17)
74481715	50	05_BAIRROS_DIFERENTES_REVISAR	MANSOES PARAISO	54.0	4	0.714	MANSOES PARAISO (27) | RESIDENCIAL MANSOES PARAISO (21) | RESIDENCIAL MANSOES DO PARAISO (1) | JARDIM CURITIBA IV (1)	MANSÕES PARAÍSO (27) | RESIDENCIAL MANSÕES PARAISO (21) | RESIDENCIAL MANSÕES DO PARAISO (1) | JARDIM CURITIBA IV (1)
74481720	13	05_BAIRROS_DIFERENTES_REVISAR	MANSOES PARAISO	61.5	3	0.714	MANSOES PARAISO (8) | RESIDENCIAL MANSOES PARAISO (3) | NOVO PLANALTO (2)	MANSÕES PARAÍSO (8) | Residencial Mansões Paraíso (3) | SETOR NOVO PLANALTO (1) | NOVO PLANALTO (1)
74481725	13	05_BAIRROS_DIFERENTES_REVISAR	MANSOES PARAISO	61.5	2	0.714	MANSOES PARAISO (8) | RESIDENCIAL MANSOES PARAISO (5)	MANSÕES PARAISO (8) | RESIDENCIAL MANSÕES PARAÍSO (5)
74481730	14	05_BAIRROS_DIFERENTES_REVISAR	MANSOES PARAISO	71.4	2	0.714	MANSOES PARAISO (10) | RESIDENCIAL MANSOES PARAISO (4)	MANSÕES PARAISO (10) | RESIDENCIAL MANSÕES PARAÍSO (4)
74481755	4	05_BAIRROS_DIFERENTES_REVISAR	MANSOES PARAISO	75.0	2	0.714	MANSOES PARAISO (3) | RESIDENCIAL MANSOES PARAISO (1)	MANSÕES PARAISO (3) | RESIDENCIAL MANSÕES PARAÍSO (1)
74483030	4	04_NOME_PARECIDO_REVISAR	PARQUE INDUSTRIAL JOAO BRAZ	75.0	2	0.730	PARQUE INDUSTRIAL JOAO BRAZ (3) | PARQUE INDUSTRIAL JOAO BRAZ QD 70 LT 12 CASA 01 (1)	PARQUE INDUSTRIAL JOÃO BRAZ (3) | PARQUE INDUSTRIAL JOAO BRAZ QD 70 LT 12 CASA 01 (1)
74484080	9	03_ERRO_OU_GRAFIA_MUITO_PROXIMA	SOLANGE PARK I	88.9	2	0.929	SOLANGE PARK I (8) | SOLANGE PARK 3 (1)	SOLANGE PARK I (8) | SOLANGE PARK 3 (1)
74484140	3	03_ERRO_OU_GRAFIA_MUITO_PROXIMA	SOLANGE PARK I	66.7	2	0.929	SOLANGE PARK I (2) | SOLANGE PARK 1 (1)	SOLANGE PARK I (2) | SOLANGE PARK 1 (1)
74484150	4	03_ERRO_OU_GRAFIA_MUITO_PROXIMA	SOLANGE PARK I	75.0	2	0.929	SOLANGE PARK I (3) | SOLANGE PARK 1 (1)	SOLANGE PARK I (3) | SOLANGE PARK 1 (1)
74484160	4	05_BAIRROS_DIFERENTES_REVISAR	SOLANGE PARK I	75.0	2	0.500	SOLANGE PARK I (3) | GREEN PARK (1)	SOLANGE PARK I (3) | GREEN PARK (1)
74484304	6	03_ERRO_OU_GRAFIA_MUITO_PROXIMA	SOLANGE PARK II	83.3	2	0.966	SOLANGE PARK II (5) | SOLANGE PARK I (1)	SOLANGE PARK II (5) | SOLANGE PARK I (1)
74484360	3	03_ERRO_OU_GRAFIA_MUITO_PROXIMA	SOLANGE PARK III	66.7	2	0.933	SOLANGE PARK III (2) | SOLANGE PARK I (1)	SOLANGE PARK III (2) | SOLANGE PARK I (1)
74484400	6	03_ERRO_OU_GRAFIA_MUITO_PROXIMA	RESIDENCIAL GOIANIA VIVA	66.7	2	0.958	RESIDENCIAL GOIANIA VIVA (4) | RESIDENCIAL GOI NIA VIVA (2)	RESIDENCIAL GOIÂNIA VIVA (4) | RESIDENCIAL GOI NIA VIVA (2)
74484409	6	03_ERRO_OU_GRAFIA_MUITO_PROXIMA	RESIDENCIAL GOIANIA VIVA	50.0	3	0.958	RESIDENCIAL GOIANIA VIVA (3) | RESIDENCIAL GOI NIA VIVA (2) | RESIDENCIAL GOANIA VIVA (1)	RESIDENCIAL GOIANIA VIVA (3) | RESIDENCIAL GOI NIA VIVA (2) | RESIDENCIAL GOÂNIA VIVA (1)
74484410	14	03_ERRO_OU_GRAFIA_MUITO_PROXIMA	RESIDENCIAL GOI NIA VIVA	57.1	2	0.958	RESIDENCIAL GOI NIA VIVA (8) | RESIDENCIAL GOIANIA VIVA (6)	RESIDENCIAL GOI NIA VIVA (8) | RESIDENCIAL GOIÂNIA VIVA (6)
74484413	4	03_ERRO_OU_GRAFIA_MUITO_PROXIMA	RESIDENCIAL GOIANIA VIVA	50.0	3	0.958	RESIDENCIAL GOIANIA VIVA (2) | RESIDENCIAL GOIANIA VIAV (1) | RESIDENCIAL GOI NIA VIVA (1)	RESIDENCIAL GOIÂNIA VIVA (2) | RESIDÊNCIAL GOIÂNIA VIAV (1) | RESIDENCIAL GOI NIA VIVA (1)
74484414	13	03_ERRO_OU_GRAFIA_MUITO_PROXIMA	RESIDENCIAL GOI NIA VIVA	53.8	3	0.958	RESIDENCIAL GOI NIA VIVA (7) | RESIDENCIAL GOIANIA VIVA (5) | RESIDENCIAL GOINIA VIVA (1)	RESIDENCIAL GOI NIA VIVA (7) | RESIDENCIAL GOIÂNIA VIVA (5) | RESIDENCIAL GOINIA VIVA (1)
74484415	4	03_ERRO_OU_GRAFIA_MUITO_PROXIMA	RESIDENCIAL GOI NIA VIVA	75.0	2	0.958	RESIDENCIAL GOI NIA VIVA (3) | RESIDENCIAL GOIANIA VIVA (1)	RESIDENCIAL GOI NIA VIVA (3) | RESIDENCIAL GOIÂNIA VIVA (1)
74484416	4	03_ERRO_OU_GRAFIA_MUITO_PROXIMA	RESIDENCIAL GOIANIA VIVA	50.0	2	0.958	RESIDENCIAL GOIANIA VIVA (2) | RESIDENCIAL GOI NIA VIVA (2)	RESIDENCIAL GOIÂNIA VIVA (2) | RESIDENCIAL GOI NIA VIVA (2)
74484418	9	03_ERRO_OU_GRAFIA_MUITO_PROXIMA	RESIDENCIAL GOIANIA VIVA	66.7	2	0.958	RESIDENCIAL GOIANIA VIVA (6) | RESIDENCIAL GOI NIA VIVA (3)	RESIDENCIAL GOIANIA VIVA (6) | RESIDENCIAL GOI NIA VIVA (3)
74484420	4	05_BAIRROS_DIFERENTES_REVISAR	RESIDENCIAL GOIANIA VIVA	75.0	2	0.667	RESIDENCIAL GOIANIA VIVA (3) | GOIANIA VIVA (1)	RESIDENCIAL GOIÂNIA VIVA (3) | GOIANIA VIVA (1)
74484422	5	03_ERRO_OU_GRAFIA_MUITO_PROXIMA	RESIDENCIAL GOI NIA VIVA	60.0	2	0.958	RESIDENCIAL GOI NIA VIVA (3) | RESIDENCIAL GOIANIA VIVA (2)	RESIDENCIAL GOI NIA VIVA (3) | RESIDENCIAL GOIANIA VIVA (2)
74484423	8	03_ERRO_OU_GRAFIA_MUITO_PROXIMA	RESIDENCIAL GOIANIA VIVA	62.5	2	0.958	RESIDENCIAL GOIANIA VIVA (5) | RESIDENCIAL GOI NIA VIVA (3)	RESIDENCIAL GOIÂNIA VIVA (5) | RESIDENCIAL GOI NIA VIVA (3)
74484427	9	03_ERRO_OU_GRAFIA_MUITO_PROXIMA	RESIDENCIAL GOIANIA VIVA	55.6	3	0.958	RESIDENCIAL GOIANIA VIVA (5) | RESIDENCIAL GOI NIA VIVA (3) | RESIDENCIAL GOINIA VIVA (1)	RESIDENCIAL GOIÂNIA VIVA (5) | RESIDENCIAL GOI NIA VIVA (3) | RESIDENCIAL GOINIA VIVA (1)
74484431	9	03_ERRO_OU_GRAFIA_MUITO_PROXIMA	RESIDENCIAL GOI NIA VIVA	66.7	2	0.958	RESIDENCIAL GOI NIA VIVA (6) | RESIDENCIAL GOIANIA VIVA (3)	RESIDENCIAL GOI NIA VIVA (6) | RESIDENCIAL GOIÂNIA VIVA (3)
74484432	5	03_ERRO_OU_GRAFIA_MUITO_PROXIMA	RESIDENCIAL GOI NIA VIVA	60.0	2	0.958	RESIDENCIAL GOI NIA VIVA (3) | RESIDENCIAL GOIANIA VIVA (2)	RESIDENCIAL GOI NIA VIVA (3) | RESIDENCIAL GOIÂNIA VIVA (2)
74484433	6	03_ERRO_OU_GRAFIA_MUITO_PROXIMA	RESIDENCIAL GOI NIA VIVA	83.3	2	0.958	RESIDENCIAL GOI NIA VIVA (5) | RESIDENCIAL GOIANIA VIVA (1)	RESIDENCIAL GOI NIA VIVA (5) | RESIDENCIAL GOIÂNIA VIVA (1)
74484435	2	03_ERRO_OU_GRAFIA_MUITO_PROXIMA	RESIDENCIAL GOIANIA VIVA	50.0	2	0.958	RESIDENCIAL GOIANIA VIVA (1) | RESIDENCIAL GOI NIA VIVA (1)	RESIDENCIAL GOIÂNIA VIVA (1) | RESIDENCIAL GOI NIA VIVA (1)
74484444	8	03_ERRO_OU_GRAFIA_MUITO_PROXIMA	RESIDENCIAL GOIANIA VIVA	50.0	3	0.958	RESIDENCIAL GOIANIA VIVA (4) | RESIDENCIAL GOI NIA VIVA (3) | RESIDENCIAL GOINIA VIVA (1)	RESIDENCIAL GOIÂNIA VIVA (4) | RESIDENCIAL GOI NIA VIVA (3) | RESIDENCIAL GOINIA VIVA (1)
74485260	3	05_BAIRROS_DIFERENTES_REVISAR	GOIA	66.7	2	0.333	GOIA (2) | TROPICAL VERDE (1)	GOIÁ (2) | TROPICAL VERDE (1)
74485365	3	05_BAIRROS_DIFERENTES_REVISAR	GOIA	66.7	2	0.222	GOIA (2) | JARDIM MIRABEL (1)	JARDIM MIRABEL (1) | GOIÁ (1) | BAIRRO GOIÁ (1)
74485370	6	05_BAIRROS_DIFERENTES_REVISAR	GOIA	66.7	2	0.222	GOIA (4) | JARDIM MIRABEL (2)	JARDIM MIRABEL (2) | GOIÁ (2) | BAIRRO GOIÁ (2)
74486310	4	05_BAIRROS_DIFERENTES_REVISAR	SOLANGE PARQUE COMPLEMENTO	75.0	2	0.700	SOLANGE PARQUE COMPLEMENTO (3) | SOLANGE PARQUE (1)	SOLANGE PARQUE COMPLEMENTO (3) | SOLANGE PARQUE (1)
74487005	3	05_BAIRROS_DIFERENTES_REVISAR	RESIDENCIAL SAO MARCOS	66.7	2	0.214	RESIDENCIAL SAO MARCOS (2) | MARABA (1)	RESIDENCIAL SÃO MARCOS (2) | SETOR MARABÁ (1)
74487150	5	05_PRINCIPAL_FORTE_REVISAR	RESIDENCIAL SAO MARCOS	80.0	2	0.214	RESIDENCIAL SAO MARCOS (4) | MARABA (1)	RESIDENCIAL SÃO MARCOS (4) | SETOR MARABÁ (1)
74491130	5	03_ERRO_OU_GRAFIA_MUITO_PROXIMA	RESIDENCIAL ANA MORAES	80.0	2	0.955	RESIDENCIAL ANA MORAES (4) | RESIDENCIAL ANA MORAIS (1)	RESIDENCIAL ANA MORAES (4) | RESIDENCIAL ANA MORAIS (1)
74491469	2	05_BAIRROS_DIFERENTES_REVISAR	RESIDENCIAL MUNDO NOVO 3	50.0	2	0.439	RESIDENCIAL MUNDO NOVO 3 (1) | JARDIM NOVO MUNDO (1)	RESIDENCIAL MUNDO NOVO 3 (1) | JARDIM NOVO MUNDO (1)
74492030	3	04_NOME_PARECIDO_REVISAR	RESIDENCIAL SERRA AZUL ETAPA I	66.7	2	0.846	RESIDENCIAL SERRA AZUL ETAPA I (2) | RESIDENCIAL SERRA AZUL (1)	RESIDENCIAL SERRA AZUL ETAPA I (2) | RESIDENCIAL SERRA AZUL (1)
74492706	2	05_BAIRROS_DIFERENTES_REVISAR	JARDIM MIRABEL	50.0	2	0.238	JARDIM MIRABEL (1) | FAZENDA SANTA RITA QUADRA 01 (1)	JARDIM MIRABEL (1) | FAZENDA SANTA RITA QUADRA 01 (1)
74493060	4	05_BAIRROS_DIFERENTES_REVISAR	CONJUNTO VERA CRUZ	75.0	2	0.194	CONJUNTO VERA CRUZ (3) | MONTE PASCOAL (1)	CONJUNTO VERA CRUZ (3) | MONTE PASCOAL (1)
74493750	2	03_ERRO_OU_GRAFIA_MUITO_PROXIMA	CONJUNTO VERA CRUZ	50.0	2	0.947	CONJUNTO VERA CRUZ (1) | CONJUNTO VERA CRUZ 2 (1)	CONJUNTO VERA CRUZ (1) | CONJUNTO VERA CRUZ 2 (1)
74495290	2	03_ERRO_OU_GRAFIA_MUITO_PROXIMA	CONJUNTO VERA CRUZ	50.0	2	0.947	CONJUNTO VERA CRUZ (1) | CONJUNTO VERA CRUZ 2 (1)	CONJUNTO VERA CRUZ (1) | CONJUNTO VERA CRUZ 2 (1)
74495440	2	04_NOME_PARECIDO_REVISAR	CONJUNTO VERA CRUZ II 7 ETAPA	50.0	2	0.766	CONJUNTO VERA CRUZ II 7 ETAPA (1) | CONJUNTO VERA CRUZ (1)	CONJUNTO VERA CRUZ II 7ª ETAPA (1) | CONJUNTO VERA CRUZ (1)
74495600	2	03_ERRO_OU_GRAFIA_MUITO_PROXIMA	CONJUNTO VERA CRUZ	50.0	2	0.923	CONJUNTO VERA CRUZ (1) | CONJUNTO VERA CRUZ II (1)	CONJUNTO VERA CRUZ (1) | CONJUNTO VERA CRUZ II (1)
74555556	5	05_BAIRROS_DIFERENTES_REVISAR	ALBINO BOAVENTURA	60.0	3	0.630	ALBINO BOAVENTURA (3) | RESIDENCIAL SENADOR ALBINO BOAVENTURA (1) | RESIDENCIAL ALBINO BOAVENTURA (1)	ALBINO BOAVENTURA (3) | Residencial Senador Albino Boaventura (1) | RESIDENCIAL ALBINO BOAVENTURA (1)
74555557	13	05_BAIRROS_DIFERENTES_REVISAR	ALBINO BOAVENTURA	69.2	3	0.630	ALBINO BOAVENTURA (9) | RESIDENCIAL SENADOR ALBINO BOAVENTURA (3) | ALBINO BOA VENTURA (1)	ALBINO BOAVENTURA (9) | RESIDENCIAL SENADOR ALBINO BOAVENTURA (3) | ALBINO BOA VENTURA (1)
74555558	21	05_BAIRROS_DIFERENTES_REVISAR	ALBINO BOAVENTURA	52.4	3	0.630	ALBINO BOAVENTURA (11) | RESIDENCIAL SENADOR ALBINO BOAVENTURA (8) | RESIDENCIAL ALBINO BOAVENTURA (2)	ALBINO BOAVENTURA (11) | RESIDENCIAL SENADOR ALBINO BOAVENTURA (8) | RESIDENCIAL ALBINO BOAVENTURA (2)
74555559	11	05_BAIRROS_DIFERENTES_REVISAR	RESIDENCIAL SENADOR ALBINO BOAVENTURA	45.5	3	0.630	RESIDENCIAL SENADOR ALBINO BOAVENTURA (5) | ALBINO BOAVENTURA (5) | RESIDENCIAL ALBINO BOAVENTURA (1)	RESIDENCIAL SENADOR ALBINO BOAVENTURA (5) | ALBINO BOAVENTURA (5) | RESIDENCIAL ALBINO BOAVENTURA (1)
74555561	2	05_BAIRROS_DIFERENTES_REVISAR	ALBINO BOAVENTURA	50.0	2	0.261	ALBINO BOAVENTURA (1) | MARABA (1)	ALBINO BOAVENTURA (1) | SETOR MARABÁ (1)
74573370	4	05_BAIRROS_DIFERENTES_REVISAR	SEVENE	75.0	2	0.250	SEVENE (3) | RESIDENCIAL HUGO DE MORAES (1)	SETOR SEVENE (3) | RESIDENCIAL HUGO DE MORAES (1)
74573387	3	05_BAIRROS_DIFERENTES_REVISAR	RESIDENCIAL HUGO DE MORAES	66.7	2	0.650	RESIDENCIAL HUGO DE MORAES (2) | HUGO DE MORAIS (1)	RESIDENCIAL HUGO DE MORAES (2) | HUGO DE MORAIS (1)
74573388	3	05_BAIRROS_DIFERENTES_REVISAR	RESIDENCIAL HUGO DE MORAES	66.7	2	0.595	RESIDENCIAL HUGO DE MORAES (2) | HUGO MORAES (1)	RESIDENCIAL HUGO DE MORAES (2) | HUGO MORAES (1)
74573391	3	03_ERRO_OU_GRAFIA_MUITO_PROXIMA	RESIDENCIAL HUGO DE MORAES	66.7	2	0.962	RESIDENCIAL HUGO DE MORAES (2) | RESIDENCIAL HUGO DE MORAIS (1)	RESIDENCIAL HUGO DE MORAES (2) | RESIDENCIAL HUGO DE MORAIS (1)
74573393	3	05_BAIRROS_DIFERENTES_REVISAR	RESIDENCIAL HUGO DE MORAES	66.7	2	0.595	RESIDENCIAL HUGO DE MORAES (2) | HUGO MORAES (1)	RESIDENCIAL HUGO DE MORAES (2) | HUGO MORAES (1)
74573426	2	03_ERRO_OU_GRAFIA_MUITO_PROXIMA	RESIDENCIA GUAREMA	50.0	2	0.973	RESIDENCIA GUAREMA (1) | RESIDENCIAL GUAREMA (1)	RESIDENCIA GUAREMA (1) | RESIDENCIAL GUAREMA (1)
74580270	4	05_BAIRROS_DIFERENTES_REVISAR	PERIM	75.0	2	0.286	PERIM (3) | PROGRESSO (1)	SETOR PERIM (3) | SETOR PROGRESSO (1)
74580860	5	05_BAIRROS_DIFERENTES_REVISAR	PERIM	60.0	2	0.455	PERIM (3) | PERIM CONTINUACAO (2)	SETOR PERIM (3) | SETOR PERIM CONTINUAÇÃO (2)
74583055	3	05_BAIRROS_DIFERENTES_REVISAR	VILA MARIA DILCE	66.7	2	0.552	VILA MARIA DILCE (2) | VILA CRISTINA (1)	VILA MARIA DILCE (2) | VILA CRISTINA (1)
74583070	3	05_BAIRROS_DIFERENTES_REVISAR	VILA CRISTINA	33.3	3	0.250	VILA CRISTINA (1) | MARIA DILCE (1) | VILA MARIA DILCE (1)	VILA CRISTINA (1) | MARIA DILCE (1) | Vila Maria Dilce (1)
74583100	17	04_NOME_PARECIDO_REVISAR	VILA MARIA DILCE	94.1	2	0.815	VILA MARIA DILCE (16) | MARIA DILCE (1)	VILA MARIA DILCE (16) | MARIA DILCE (1)
74583290	3	05_BAIRROS_DIFERENTES_REVISAR	MARABA	66.7	2	0.143	MARABA (2) | NOROESTE (1)	SETOR MARABÁ (2) | SETOR NOROESTE (1)
74583715	11	05_BAIRROS_DIFERENTES_REVISAR	JARDIM GRAMADO	81.8	3	0.267	JARDIM GRAMADO (9) | VILA MARIA DILCE (1) | VILA CRISTINA (1)	JARDIM GRAMADO (9) | VILA MARIA DILCE (1) | VILA CRISTINA (1)
74584060	3	05_BAIRROS_DIFERENTES_REVISAR	VILA CRISTINA	66.7	2	0.250	VILA CRISTINA (2) | MARIA DILCE (1)	VILA CRISTINA (2) | MARIA DILCE (1)
74584120	6	05_PRINCIPAL_FORTE_REVISAR	VILA CRISTINA	83.3	2	0.552	VILA CRISTINA (5) | VILA MARIA DILCE (1)	VILA CRISTINA (5) | VILA MARIA DILCE (1)
74584230	6	05_BAIRROS_DIFERENTES_REVISAR	VILA CRISTINA	66.7	2	0.684	VILA CRISTINA (4) | VILA CRISTINA CONTINUACAO (2)	VILA CRISTINA (4) | Vila Cristina Continuação (2)
74705240	7	04_NOME_PARECIDO_REVISAR	JARDIM NOVO MUNDO	85.7	2	0.867	JARDIM NOVO MUNDO (6) | JD NOVO MUNDO (1)	JARDIM NOVO MUNDO (6) | JD. NOVO MUNDO (1)
74710110	9	05_PRINCIPAL_FORTE_REVISAR	JARDIM NOVO MUNDO	88.9	2	0.562	JARDIM NOVO MUNDO (8) | JARDIM EMANUELE (1)	JARDIM NOVO MUNDO (8) | JARDIM EMANUELE (1)
74710160	4	05_BAIRROS_DIFERENTES_REVISAR	JARDIM NOVO MUNDO	75.0	2	0.303	JARDIM NOVO MUNDO (3) | VILA MARIA LUIZA (1)	JARDIM NOVO MUNDO (3) | VILA MARIA LUIZA (1)
74710260	115	06_CEP_AMBIGUO	JARDIM NOVO MUNDO	96.5	5	0.562	JARDIM NOVO MUNDO (111) | JARDIM EMANUELI (1) | JD EMANUELLE NOVO MUNDO (1) | JARDIM NOVO MUNDO 3 (1) | RESID EMANUELLI JARDIM NOVO MUNDO (1)	JARDIM NOVO MUNDO (111) | JARDIM EMANUELI (1) | JD. EMANUELLE / NOVO MUNDO (1) | JARDIM NOVO MUNDO 3 (1) | RESID. EMANUELLI / JARDIM NOVO MUNDO (1)
74711020	3	05_BAIRROS_DIFERENTES_REVISAR	VILA BANDEIRANTE	66.7	2	0.242	VILA BANDEIRANTE (2) | JARDIM NOVO MUNDO (1)	VILA BANDEIRANTE (2) | JARDIM NOVO MUNDO (1)
74713440	7	05_PRINCIPAL_FORTE_REVISAR	JARDIM NOVO MUNDO	85.7	2	0.409	JARDIM NOVO MUNDO (6) | RESIDENCIAL JARDIM EMANUELE (1)	JARDIM NOVO MUNDO (6) | RESIDENCIAL JARDIM EMANUELE (1)
74720200	5	04_NOME_PARECIDO_REVISAR	VILA MARIA LUIZA	80.0	2	0.815	VILA MARIA LUIZA (4) | MARIA LUIZA (1)	VILA MARIA LUIZA (4) | MARIA LUIZA (1)
74723100	2	05_BAIRROS_DIFERENTES_REVISAR	JARDIM BRASIL	50.0	2	0.417	JARDIM BRASIL (1) | AGUA BRANCA (1)	JARDIM BRASIL (1) | ÁGUA BRANCA (1)
74730140	2	03_ERRO_OU_GRAFIA_MUITO_PROXIMA	CONJUNTO RIVIERA	50.0	2	0.970	CONJUNTO RIVIERA (1) | CONJUNTO RIVIEIRA (1)	CONJUNTO RIVIERA (1) | CONJUNTO RIVIEIRA (1)
74740180	2	04_NOME_PARECIDO_REVISAR	CONJUNTO RESIDENCIAL ARUANA I	50.0	2	0.739	CONJUNTO RESIDENCIAL ARUANA I (1) | CONJUNTO ARUANA I (1)	CONJUNTO RESIDENCIAL ARUANÃ I (1) | CONJUNTO ARUANA I (1)
74740440	2	04_NOME_PARECIDO_REVISAR	CONJUNTO RESIDENCIAL ARUANA III	50.0	2	0.830	CONJUNTO RESIDENCIAL ARUANA III (1) | RESIDENCIAL ARUANA III (1)	CONJUNTO RESIDENCIAL ARUANÃ III (1) | RESIDENCIAL ARUANÃ III (1)
74805100	12	06_CEP_AMBIGUO	JARDIM NOVA ESPERANCA	25.0	7	0.632	JARDIM NOVA ESPERANCA (3) | JARDIM NOVO MUNDO (3) | VILA MUTIRAO (2) | JARDIM CURITIBA IV (1) | ALBINO BOAVENTURA (1) | CAPUAVA (1) | RESIDENCIAL FORTALEZA (1)	JARDIM NOVA ESPERANÇA (3) | JARDIM NOVO MUNDO (3) | VILA MUTIRÃO (2) | JARDIM CURITIBA IV (1) | ALBINO BOAVENTURA (1) | CAPUAVA (1) | RESIDENCIAL FORTALEZA (1)
74805180	2	05_BAIRROS_DIFERENTES_REVISAR	JARDIM VISTA BELA	50.0	2	0.529	JARDIM VISTA BELA (1) | JARDIM NOVO MUNDO (1)	JARDIM VISTA BELA (1) | JARDIM NOVO MUNDO (1)
74850580	2	05_BAIRROS_DIFERENTES_REVISAR	VALE DOS CARAIBAS	50.0	2	0.303	VALE DOS CARAIBAS (1) | PARQUE TREMENDAO (1)	VALE DOS CARAIBAS (1) | PARQUE TREMENDÃO (1)
75000000	6	05_BAIRROS_DIFERENTES_REVISAR	JARDIM NOVA ESPERANCA	50.0	4	0.541	JARDIM NOVA ESPERANCA (3) | JARDIM LIBERDADE (1) | 14 BIS (1) | SAO CARLOS (1)	JARDIM NOVA ESPERANÇA (3) | JARDIM LIBERDADE (1) | 14 BIS (1) | SÃO CARLOS (1)
75712460	2	04_NOME_PARECIDO_REVISAR	SAO JOSE	50.0	2	0.762	SAO JOSE (1) | VILA SAO JOSE (1)	SETOR SAO JOSE (1) | VILA SÃO JOSÉ (1)
