CEP	CLIENTES	CANDIDATO	PERCENTUAL_CANDIDATO	FAMILIAS
57200000	3	CENTRO	66.7%	CENTRO (2) | DOM COSTANTINO (1)
70000000	12	JARDIM COLORADO	16.7%	JARDIM COLORADO (2) | VILA SAO JOSE (2) | CANDIDA DE MORAIS (1) | JARDIM HELLOU (1) | PROGRESSO (1) | JARDIM NOVO MUNDO (1) | VILA MARIA DILCE (1) | VILA MUTIRAO 1 (1) | JARDIM DAS HORTENCIAS (1) | MORADA DO SOL (1)
74000000	4180	JARDIM NOVA ESPERANCA	14.6%	JARDIM NOVA ESPERANCA (612) | JARDIM NOVO MUNDO (405) | JARDIM COLORADO (341) | JARDIM LIBERDADE (283) | VILA MUTIRAO (246) | NOVO PLANALTO (195) | JARDIM DAS HORTENCIAS (181) | SANTOS DUMONT (165) | JARDIM CURITIBA IV (131) | MANSOES PARAISO (109) | JARDIM VISTA BELA (102) | CANDIDA DE MORAES (100) | VILA SAO JOSE (90) | VILA JOAO VAZ (69) | SAO CARLOS (68) | CAPUAVA (67) | DA VITORIA (52) | PARQUE TREMENDAO (50) | RESIDENCIAL FORTALEZA (43) | JARDIM PETROPOLIS (42) | VILA FINSOCIAL (42) | NOROESTE (40) | AEROVIARIO (40) | MARABA (39) | RESIDENCIAL PRIVE NORTE (38) | VILA REGINA (34) | RESIDENCIAL MARINGA (34) | NOVO MUNDO (31) | MORADA DO SOL (30) | RESIDENCIAL GREEN PARK (28) | ALBINO BOAVENTURA (27) | PERIM (26) | PROGRESSO (25) | JARDIM CLARISSA (22) | JARDIM HELLOU (20) | VILA CRISTINA (18) | JARDIM GRAMADO (17) | VILA MORAIS (17) | VILA MARIA DILCE (17) | BARRA DA TIJUCA (17) | VILA MARIA LUIZA (15) | JARDIM BONANZA (13) | CANDIDA DE MORAIS (13) | JARDIM CAMARGO (12) | RESIDENCIAL ITAMARACA (11) | RESIDENCIAL ANGLO (10) | AGUA BRANCA (9) | JD NOVA ESPERANCA (9) | ESPLANADA DO ANICUNS (8) | VILA MUTIRAO II (8) | RESIDENCIAL 14 BIS (8) | RESIDENCIAL HUGO DE MORAES (8) | SEVENE (7) | VALE DOS CARAIBAS (7) | SAO JOSE (6) | JARDIM BRASIL (6) | VISTA BELA (6) | VILA MARTINS (5) | RESIDENCIAL MANSOES PARAISO (4) | JD NOVO MUNDO (4) | PQ TREMENDAO (4) | EMPRESARIAL (3) | VILA ROMANA (3) | JD DAS HORTENCIAS (3) | VILA MUTIRAO I (3) | RESIDENCIAL VALE DO ARAGUAIA (3) | PARQUE INDUSTRIAL PAULISTA (3) | NOVA ESPERANCA (3) | CONJUNTO RIVIERA (3) | RESIDENCIAL ARUANA (2) | FINSOCIAL (2) | RESIDENCIAL ANGULO (2) | JARDIM CALIFORNIA (2) | RECREIO SAO JOAQUIM (2) | MANSOES ROSAS DE OURO (2) | JOAO VAZ (2) | JARDIM HELOU (2) | CHACARAS MANSOES ROSAS DE OURO (2) | JD COLORADO (2) | JARDIM CURITIBA II (2) | VALE DAS CARAIBAS (2) | VILA MORAIS NOVO MUNDO (1) | MARIA LUIZA (1) | CENTRO (1) | PARUE TREMENDAO (1) | COLORADO (1) | NOVO MUNDO II (1) | PQ INDUSTRIAL PAULISTA (1) | JD NOVO PETROPOLIS (1) | JARDIM CURITIBA I (1) | PARQUE MARACANA (1) | VILA CLEMENTE (1) | RESIDENCIAL ARAGUAIA (1) | CONDOMINIO PORTAL DAS HORTENCIAS (1) | CRIMEIA OESTE (1) | VILA MARTINS EXTENSAO NOVO MUNDO (1) | JARDIM NOVO PETROPOLIS (1) | VALE DO ARAGUAIA (1) | VILA MULTIRAO (1) | JARDIM COLORADO EXTECAO (1) | JARDIM NOVO MUNDO II (1) | CURITIBA I (1) | JARDIM NOVA ESPERANCAA (1) | CONDOMINIO RIO BRANCO (1) | JARDIM EMANUELE (1) | ESTRELA DALVA (1) | NOVO PLALNALTO (1) | JD CALIFORNIA (1) | JD LIBERDADE (1) | JARDIM LAGO AZUL (1) | JARDIM EMANUELY (1) | CAPUAVA RESIDENCIAL PRIVE (1) | JARDIM COLORADO EXTENSAO (1) | SAO MARCOS I (1) | PARQUE TREMEDAO (1) | RESIDENCIAL ALBINO BOAVENTURA (1) | RESIDENCIAL EMANUELE (1) | JARDIM CALIFONIA (1) | RESIDENCIAL BUENA VISTA 4 (1) | CH RECREIO SAO JOAQUIM (1) | JARDIM CURITIBA 04 (1) | JARDIM CURITIBA III (1) | JD CURITIBA (1) | JARDIM CURITIBA 1 (1) | RESIDENCIAL FLORESTA (1) | PARQUE INDUSTRIAL JOAO BRAZ (1) | JD EMANUELLE NOVO MUNDO (1)
74140000	4	JARDIM DAS HORTENCIAS	25.0%	JARDIM DAS HORTENCIAS (1) | JARDIM COLORADO (1) | MORADA DO SOL (1) | MANSOES PARAISO (1)
74340500	3	JARDIM NOVA ESPERANCA	66.7%	JARDIM NOVA ESPERANCA (2) | JARDIN NOVA ESPERANCA (1)
74354632	2	JARDIM CARAVELAS	50.0%	JARDIM CARAVELAS (1) | JARDIM CARAVELAS 1 ETAPA (1)
74354636	2	JARDM CARAVELAS	50.0%	JARDM CARAVELAS (1) | JARDIM CRAVELAS (1)
74354640	2	JARDIM CARAVELAS	50.0%	JARDIM CARAVELAS (1) | CARAVELAS (1)
74375110	2	PARQUE OESTE INDUSTRIAL	50.0%	PARQUE OESTE INDUSTRIAL (1) | GOIA (1)
74393820	2	LOTEAMENTO ALPHAVILLE RESIDENCIAL	50.0%	LOTEAMENTO ALPHAVILLE RESIDENCIAL (1) | RESIDENCIAL ALPHAVILLE (1)
74394225	5	RESIDENCIAL BUENA VISTA I	80.0%	RESIDENCIAL BUENA VISTA I (4) | RESIDENCIALBUENA VISTA I (1)
74394230	2	RESIDENCIAL BUENA VISTA I	50.0%	RESIDENCIAL BUENA VISTA I (1) | RESI8DENCIAL BUENA VISTA I (1)
74394240	2	RESIENCIAL BUENA VISTA I	50.0%	RESIENCIAL BUENA VISTA I (1) | RESIDENCIAL BUENA VISTA I (1)
74394620	3	RESIDENCIAL BUENA VISTA IV	66.7%	RESIDENCIAL BUENA VISTA IV (2) | BUENA VISTA IV (1)
74400000	63	JARDIM NOVO MUNDO	20.6%	JARDIM NOVO MUNDO (13) | JARDIM COLORADO (10) | JARDIM NOVA ESPERANCA (6) | JARDIM CURITIBA IV (4) | JARDIM DAS HORTENCIAS (3) | VILA JOAO VAZ (2) | NOVO PLANALTO (2) | VILA CRISTINA CONTINUACAO (2) | MANSOES PARAISO (2) | JARDIM VISTA BELA (1) | JARDIM GRAMADO (1) | CANDIDA DE MORAIS (1) | ESTRELA DALVA (1) | JARDIM LIBERDADE (1) | MORADA DO SOL (1) | VILA MUTIRAO (1) | NOROESTE (1) | VILA ROMANA (1) | PARQUE INDUSTRIAL PAULISTA (1) | JARDIM PETROPOLIS (1) | VILA REGINA (1) | RESIDENCIAL FORTALEZA (1) | SANTOS DUMONT (1) | CONJUNTO RESIDENCIAL ARUANA III (1) | VILA MARTINS (1) | DA VITORIA (1) | CAPUAVA (1) | JARDIM NOVO PETROPOLIS (1)
74435115	9	AEROVIARIO	88.9%	AEROVIARIO (8) | VILA SAO JOSE (1)
74435280	7	AEROVIARIO	85.7%	AEROVIARIO (6) | VILA SAO JOSE (1)
74440030	2	VILA SAO JOSE	50.0%	VILA SAO JOSE (1) | SAO JOSE (1)
74440060	16	SAO JOSE	75.0%	SAO JOSE (12) | VILA SAO JOSE (4)
74440080	3	VILA SAO JOSE	66.7%	VILA SAO JOSE (2) | SAO JOSE (1)
74440120	3	SAO JOSE	66.7%	SAO JOSE (2) | AEROVIARIO (1)
74440130	4	SAO JOSE	75.0%	SAO JOSE (3) | VILA SAO JOSE (1)
74440140	4	SAO JOSE	75.0%	SAO JOSE (3) | VILA SAO JOSE (1)
74440145	7	SAO JOSE	57.1%	SAO JOSE (4) | VILA SAO JOSE (3)
74440240	7	SAO JOSE	71.4%	SAO JOSE (5) | VILA SAO JOSE (2)
74440245	5	VILA SAO JOSE	60.0%	VILA SAO JOSE (3) | SAO JOSE (2)
74440250	11	SAO JOSE	63.6%	SAO JOSE (7) | VILA SAO JOSE (4)
74440300	9	SAO JOSE	66.7%	SAO JOSE (6) | VILA SAO JOSE (3)
74440310	7	SAO JOSE	85.7%	SAO JOSE (6) | VILA SAO JOSE (1)
74440340	7	SAO JOSE	57.1%	SAO JOSE (4) | VILA SAO JOSE (3)
74440360	4	SAO JOSE	50.0%	SAO JOSE (2) | VILA SAO JOSE (2)
74440410	2	VILA SAO JOSE	50.0%	VILA SAO JOSE (1) | SAO JOSE (1)
74440460	3	SAO JOSE	66.7%	SAO JOSE (2) | VILA SAO JOSE (1)
74440470	3	VILA SAO JOSE	66.7%	VILA SAO JOSE (2) | SAO JOSE (1)
74440480	8	SAO JOSE	87.5%	SAO JOSE (7) | VILA SAO JOSE (1)
74440500	3	SAO JOSE	66.7%	SAO JOSE (2) | VILA SAO JOSE (1)
74440510	2	VILA SAO JOSE	50.0%	VILA SAO JOSE (1) | SAO JOSE (1)
74440530	7	SAO JOSE	85.7%	SAO JOSE (6) | VILA SAO JOSE (1)
74440550	11	SAO JOSE	72.7%	SAO JOSE (8) | VILA SAO JOSE (3)
74440560	7	SAO JOSE	85.7%	SAO JOSE (6) | VILA SAO JOSE (1)
74440590	6	VILA SAO JOSE	83.3%	VILA SAO JOSE (5) | SAO JOSE (1)
74440630	5	VILA SAO JOSE	60.0%	VILA SAO JOSE (3) | SAO JOSE (2)
74440640	11	SAO JOSE	81.8%	SAO JOSE (9) | VILA SAO JOSE (2)
74440670	5	SAO JOSE	80.0%	SAO JOSE (4) | VILA SAO JOSE (1)
74440700	3	SAO JOSE	66.7%	SAO JOSE (2) | VILA SAO JOSE (1)
74440710	2	VILA SAO JOSE	50.0%	VILA SAO JOSE (1) | SAO JOSE (1)
74441010	2	VILA SAO JOSE	50.0%	VILA SAO JOSE (1) | SAO JOSE (1)
74445160	27	VILA JOAO VAZ	96.3%	VILA JOAO VAZ (26) | CAPUAVA (1)
74445190	5	VILA JOAO VAZ	80.0%	VILA JOAO VAZ (4) | NOROESTE (1)
74445230	18	VILA JOAO VAZ	94.4%	VILA JOAO VAZ (17) | JOAO VAZ (1)
74445260	12	VILA JOAO VAZ	91.7%	VILA JOAO VAZ (11) | CAPUAVA (1)
74445300	2	CAPUAVA RESIDENCIAL PRIVE	50.0%	CAPUAVA RESIDENCIAL PRIVE (1) | RESIDENCIAL PRIVE NORTE (1)
74445302	12	CAPUAVA RESIDENCIAL PRIVE	83.3%	CAPUAVA RESIDENCIAL PRIVE (10) | CAPUAVA (2)
74445305	2	CAPUAVA RESIDENCIAL PRIVE	50.0%	CAPUAVA RESIDENCIAL PRIVE (1) | RESIDENCIAL PRIVE NORTE (1)
74445360	2	FAZENDA CAVEIRA	50.0%	FAZENDA CAVEIRA (1) | FAZENDA CAVEIRAS (1)
74450170	19	CAPUAVA	94.7%	CAPUAVA (18) | CANDIDA DE MORAES (1)
74450300	4	CAPUAVA	50.0%	CAPUAVA (2) | JARDIM GRAMADO (1) | PERIM (1)
74450470	6	CAPUAVA	83.3%	CAPUAVA (5) | MARABA (1)
74455070	6	JARDIM NOVA ESPERANCA	83.3%	JARDIM NOVA ESPERANCA (5) | NOVA ESPERANCA (1)
74460020	23	JARDIM PETROPOLIS	95.7%	JARDIM PETROPOLIS (22) | JARDIM PETROPLIS (1)
74460110	2	JARDIM PETROPOLIS	50.0%	JARDIM PETROPOLIS (1) | JARDIM LIBERDADE (1)
74460500	7	JARDIM PETROPOLIS	71.4%	JARDIM PETROPOLIS (5) | VILA REGINA (2)
74460970	3	VILA FINSOCIAL	33.3%	VILA FINSOCIAL (1) | MORADA DO SOL (1) | VALE DOS CARAIBAS (1)
74463030	2	SANTOS DUMONT	50.0%	SANTOS DUMONT (1) | PARQUE INDUSTRIAL PAULISTA (1)
74463100	8	PARQUE INDUSTRIAL PAULISTA	87.5%	PARQUE INDUSTRIAL PAULISTA (7) | PARQUE INDUSTRIAL (1)
74463150	11	CANDIDA DE MORAIS	63.6%	CANDIDA DE MORAIS (7) | CANDIDA DE MORAES (3) | CONDOMINIO MARESIA RESIDENCIAL ITAMARACA (1)
74463160	6	CANDIDA DE MORAIS	66.7%	CANDIDA DE MORAIS (4) | CANDIDA DE MORAES (2)
74463165	19	CANDIDA DE MORAIS	63.2%	CANDIDA DE MORAIS (12) | CANDIDA DE MORAES (4) | SANTOS DUMONT (2) | CANDIDAS DE MORAIS (1)
74463170	18	CANDIDA DE MORAES	55.6%	CANDIDA DE MORAES (10) | CANDIDA DE MORAIS (8)
74463190	14	CANDIDA DE MORAIS	85.7%	CANDIDA DE MORAIS (12) | CANDIDA DE MORAES (2)
74463200	44	CANDIDA DE MORAIS	70.5%	CANDIDA DE MORAIS (31) | CANDIDA DE MORAES (11) | CANDIDADE MORAES (1) | JARDIM NOVA ESPERANCA (1)
74463210	22	CANDIDA DE MORAIS	63.6%	CANDIDA DE MORAIS (14) | CANDIDA DE MORAES (7) | CENTRO (1)
74463220	29	CANDIDA DE MORAIS	55.2%	CANDIDA DE MORAIS (16) | CANDIDA DE MORAES (13)
74463230	20	CANDIDA DE MORAIS	65.0%	CANDIDA DE MORAIS (13) | CANDIDA DE MORAES (7)
74463240	22	CANDIDA DE MORAES	50.0%	CANDIDA DE MORAES (11) | CANDIDA DE MORAIS (10) | JARDIM NOVA ESPERANCA (1)
74463250	8	CANDIDA DE MORAIS	62.5%	CANDIDA DE MORAIS (5) | CANDIDA DE MORAES (3)
74463260	23	CANDIDA DE MORAIS	69.6%	CANDIDA DE MORAIS (16) | CANDIDA DE MORAES (7)
74463270	6	CANDIDA DE MORAIS	50.0%	CANDIDA DE MORAIS (3) | CANDIDA DE MORAES (2) | SANTOS DUMONT (1)
74463280	292	CANDIDA DE MORAES	91.1%	CANDIDA DE MORAES (266) | CANDIDA DE MORAIS (22) | JARDIM NOVA ESPERANCA (3) | CANDIDO DE MORAES (1)
74463290	4	CANDIDA DE MORAIS	50.0%	CANDIDA DE MORAIS (2) | CAPUAVA (1) | CANDIDA DE MORAES (1)
74463317	2	CAPUAVA	50.0%	CAPUAVA (1) | CANDIDA DE MORAIS (1)
74463320	15	CANDIDA DE MORAIS	86.7%	CANDIDA DE MORAIS (13) | CANDIDA DE MORAES (2)
74463330	16	CANDIDA DE MORAIS	62.5%	CANDIDA DE MORAIS (10) | CANDIDA DE MORAES (6)
74463340	16	SANTOS DUMONT	75.0%	SANTOS DUMONT (12) | CANDIDA DE MORAES (4)
74463375	2	SANTOS DUMONT	50.0%	SANTOS DUMONT (1) | CANDIDA DE MORAES (1)
74463380	24	SANTOS DUMONT	95.8%	SANTOS DUMONT (23) | JARDIM NOVA ESPERANCA (1)
74463615	5	SANTOS DUMONT	60.0%	SANTOS DUMONT (3) | CANDIDA DE MORAIS (1) | JARDIM NOVA ESPERANCA (1)
74463850	6	JARDIM BONANZA	83.3%	JARDIM BONANZA (5) | SANTOS DUMONT (1)
74464120	2	JARDIM NOVO PETROPOLIS	50.0%	JARDIM NOVO PETROPOLIS (1) | JARDIM PETROPOLIS (1)
74464130	4	JARDIM PETROPOLIS	50.0%	JARDIM PETROPOLIS (2) | JARDIM NOVO PETROPOLIS (2)
74464135	11	JARDIM NOVO PETROPOLIS	81.8%	JARDIM NOVO PETROPOLIS (9) | JARDIM PETROPOLIS (2)
74464155	4	RESIDENCIAL 14 BIS EXTENSAO	75.0%	RESIDENCIAL 14 BIS EXTENSAO (3) | RESIDENCIAL 14 BIS (1)
74465010	33	JARDIM NOVA ESPERANCA	97.0%	JARDIM NOVA ESPERANCA (32) | JARDIM NOVA ESPERANCAA (1)
74465025	15	JARDIM NOVA ESPERANCA	86.7%	JARDIM NOVA ESPERANCA (13) | CANDIDA DE MORAIS (1) | CANDIDA DE MORAES (1)
74465050	46	JARDIM NOVA ESPERANCA	97.8%	JARDIM NOVA ESPERANCA (45) | NOVA ESPERANCA (1)
74465080	2	PARQUE TREMENDAO	50.0%	PARQUE TREMENDAO (1) | JARDIM NOVA ESPERANCA (1)
74465090	4	JARDIM NOVA ESPERANCA	75.0%	JARDIM NOVA ESPERANCA (3) | PARQUE DAS FLORES (1)
74465100	81	JARDIM NOVA ESPERANCA	97.5%	JARDIM NOVA ESPERANCA (79) | NOVA ESPERANCA (1) | JARDIM GRAMADO (1)
74465140	130	JARDIM NOVA ESPERANCA	63.8%	JARDIM NOVA ESPERANCA (83) | JARDIM COLORADO (13) | JARDIM DAS HORTENCIAS (8) | NOVO PLANALTO (5) | MARABA (4) | CANDIDA DE MORAES (3) | JARDIM LIBERDADE (2) | MANSOES PARAISO (2) | NOROESTE (2) | NOVA ESPERANCA (2) | ALBINO BOAVENTURA (1) | VILA FINSOCIAL (1) | JARDIM HELLOU (1) | RESIDENCIAL MANSOES PARAISO (1) | PARQUE TREMENDAO (1) | MORADA DO SOL (1)
74465190	57	JARDIM NOVA ESPERANCA	98.2%	JARDIM NOVA ESPERANCA (56) | NOVA ESPERANCA (1)
74465215	18	JARDIM NOVA ESPERANCA	94.4%	JARDIM NOVA ESPERANCA (17) | PARQUE TREMENDAO (1)
74465280	60	JARDIM NOVA ESPERANCA	95.0%	JARDIM NOVA ESPERANCA (57) | SANTOS DUMONT (1) | CANDIDA DE MORAES (1) | NOVA ESPERANCA (1)
74465310	24	JARDIM NOVA ESPERANCA	87.5%	JARDIM NOVA ESPERANCA (21) | JARDIM NOVO MUNDO (2) | BARRA DA TIJUCA (1)
74465360	6	JARDIM NOVA ESPERANCA	83.3%	JARDIM NOVA ESPERANCA (5) | NOVA ESPERANCA (1)
74465390	46	JARDIM NOVA ESPERANCA	95.7%	JARDIM NOVA ESPERANCA (44) | NOVA ESPERANCA (2)
74465445	306	JARDIM NOVA ESPERANCA	91.2%	JARDIM NOVA ESPERANCA (279) | CANDIDA DE MORAES (26) | JARDIM COLORADO (1)
74465524	19	MARABA	89.5%	MARABA (17) | NOROESTE (2)
74465527	6	MARABA	83.3%	MARABA (5) | RESIDENCIAL SAO MARCOS (1)
74465553	2	MARABA	50.0%	MARABA (1) | NOROESTE (1)
74470015	5	FAZENDA CAVEIRA	40.0%	FAZENDA CAVEIRA (2) | CHACARAS MANSOES ROSAS DE OURO (2) | RESIDENCIAL ANGLO (1)
74470065	2	RECREIO SAO JOAQUIM	50.0%	RECREIO SAO JOAQUIM (1) | CHACARAS DE RECREIO SAO JOAQUIM (1)
74470071	3	CHACARAS MANSOES ROSAS DE OURO	66.7%	CHACARAS MANSOES ROSAS DE OURO (2) | MANSOES ROSAS DE OURO (1)
74470275	3	CHACARAS DE RECREIO SAO JOAQUIM	33.3%	CHACARAS DE RECREIO SAO JOAQUIM (1) | SANTOS DUMONT (1) | RECREIO SAO JOAQUIM (1)
74470700	10	RESIDENCIAL JARDIM HELOU	70.0%	RESIDENCIAL JARDIM HELOU (7) | JARDIM HELLOU (3)
74470705	23	JARDIM HELLOU	56.5%	JARDIM HELLOU (13) | RESIDENCIAL JARDIM HELOU (7) | JARDIM VISTA BELA (2) | JARDIM NOVA ESPERANCA (1)
74470710	17	JARDIM HELLOU	58.8%	JARDIM HELLOU (10) | RESIDENCIAL JARDIM HELOU (2) | JARDIM DAS HORTENCIAS (1) | JARDIM HELOU (1) | JARDIM VISTA BELA (1) | CHACARAS MANSOES ROSAS DE OURO (1) | JARDIM CAMARGO (1)
74470750	3	RESIDENCIAL JARDIM HELOU	66.7%	RESIDENCIAL JARDIM HELOU (2) | JARDIM HELLOU (1)
74470760	3	JARDIM COLORADO	33.3%	JARDIM COLORADO (1) | JARDIM HELLOU (1) | RESIDENCIAL JARDIM HELOU (1)
74470825	11	JARDIM CAMARGO	63.6%	JARDIM CAMARGO (7) | RESIDENCIAL JARDIM CAMARGO (3) | JARDIM COLORADO (1)
74470850	17	JARDIM CAMARGO	64.7%	JARDIM CAMARGO (11) | RESIDENCIAL JARDIM CAMARGO (6)
74470855	5	JARDIM CAMARGO	40.0%	JARDIM CAMARGO (2) | JARDIM HELLOU (2) | RESIDENCIAL JARDIM CAMARGO (1)
74473530	4	VILA FINSOCIAL	75.0%	VILA FINSOCIAL (3) | FINSOCIAL (1)
74473782	3	VILA FINSOCIAL	66.7%	VILA FINSOCIAL (2) | FINSOCIAL (1)
74473792	6	VILA FINSOCIAL	83.3%	VILA FINSOCIAL (5) | FINSOCIAL (1)
74473838	12	RESIDENCIAL MARINGA	83.3%	RESIDENCIAL MARINGA (10) | JARDIM COLORADO (2)
74474000	6	JARDIM COLORADO	83.3%	JARDIM COLORADO (5) | PARQUE TREMENDAO (1)
74474001	20	JARDIM COLORADO	90.0%	JARDIM COLORADO (18) | JARDIM DAS HORTENCIAS (1) | JARDIM VISTA BELA (1)
74474003	15	JARDIM COLORADO	93.3%	JARDIM COLORADO (14) | JARDIM HELLOU (1)
74474006	85	JARDIM COLORADO	97.6%	JARDIM COLORADO (83) | JARDIM COLORADO QD 12 LT 11 (1) | SAO CARLOS (1)
74474008	7	JARDIM COLORADO	71.4%	JARDIM COLORADO (5) | JARDIM VISTA BELA (1) | PARQUE TREMENDAO (1)
74474009	60	JARDIM COLORADO	98.3%	JARDIM COLORADO (59) | JARDIM DAS HORTENCIAS (1)
74474010	12	JARDIM COLORADO	66.7%	JARDIM COLORADO (8) | JARDIM DAS HORTENCIAS (4)
74474011	59	JARDIM COLORADO	96.6%	JARDIM COLORADO (57) | JARDIM DAS HORTENCIAS (1) | RESIDENCIAL JARDIM COLORADO (1)
74474015	10	JARDIM COLORADO	90.0%	JARDIM COLORADO (9) | MANSOES PARAISO (1)
74474017	14	JARDIM COLORADO	92.9%	JARDIM COLORADO (13) | NOVO PLANALTO (1)
74474018	33	JARDIM COLORADO	97.0%	JARDIM COLORADO (32) | JARDIM COLORADO 1 (1)
74474022	9	JARDIM COLORADO	88.9%	JARDIM COLORADO (8) | JARDIM VISTA BELA (1)
74474023	33	JARDIM COLORADO	97.0%	JARDIM COLORADO (32) | PARQUE TREMENDAO (1)
74474024	11	JARDIM COLORADO	54.5%	JARDIM COLORADO (6) | JARDIM HELLOU (2) | JARDIM VISTA BELA (2) | JARDIM CAMARGO (1)
74474030	3	VISTA BELA	66.7%	VISTA BELA (2) | JARDIM VISTA BELA (1)
74474031	6	JARDIM COLORADO	83.3%	JARDIM COLORADO (5) | RESIDENCIAL FORTALEZA (1)
74474038	4	JARDIM COLORADO	50.0%	JARDIM COLORADO (2) | JARDIM DAS HORTENCIAS (2)
74474040	3	JARDIM COLORADO	66.7%	JARDIM COLORADO (2) | JARDIM DAS HORTENCIAS (1)
74474041	9	JARDIM COLORADO	88.9%	JARDIM COLORADO (8) | NOVO PLANALTO (1)
74474047	52	JARDIM COLORADO	98.1%	JARDIM COLORADO (51) | VILA MUTIRAO (1)
74474048	45	JARDIM COLORADO	95.6%	JARDIM COLORADO (43) | JARDIM DAS HORTENCIAS (1) | JARDIM VISTA BELA (1)
74474103	34	JARDIM DAS HORTENCIAS	97.1%	JARDIM DAS HORTENCIAS (33) | PARQUE TREMENDAO (1)
74474108	3	JARDIM DAS HORTENCIAS	66.7%	JARDIM DAS HORTENCIAS (2) | JARDIM COLORADO (1)
74474110	4	JARDIM DAS HORTENCIAS	75.0%	JARDIM DAS HORTENCIAS (3) | JARDIM CURITIBA IV (1)
74474114	3	JARDIM DAS HORTENCIAS	66.7%	JARDIM DAS HORTENCIAS (2) | JARDIM VISTA BELA (1)
74474115	10	JARDIM DAS HORTENCIAS	90.0%	JARDIM DAS HORTENCIAS (9) | RESIDENCIAL MARINGA (1)
74474119	2	JARDIM COLORADO	50.0%	JARDIM COLORADO (1) | JARDIM DAS HORTENCIAS (1)
74474123	17	JARDIM DAS HORTENCIAS	94.1%	JARDIM DAS HORTENCIAS (16) | JARDIM COLORADO (1)
74474129	12	JARDIM DAS HORTENCIAS	91.7%	JARDIM DAS HORTENCIAS (11) | JARDIM COLORADO (1)
74474136	12	JARDIM DAS HORTENCIAS	91.7%	JARDIM DAS HORTENCIAS (11) | PARQUE TREMENDAO (1)
74474137	7	JARDIM DAS HORTENCIAS	85.7%	JARDIM DAS HORTENCIAS (6) | JARDIN DAS HORTENCIAS (1)
74474140	25	JARDIM DAS HORTENCIAS	64.0%	JARDIM DAS HORTENCIAS (16) | JARDIM CURITIBA IV (2) | PARQUE TREMENDAO (2) | PORTAL DAS HORTENCIAS (1) | CANDIDA DE MORAES (1) | RESIDENCIAL GREEN PARK (1) | JARDIM COLORADO (1) | NOVO PLANALTO (1)
74474200	42	JARDIM VISTA BELA	88.1%	JARDIM VISTA BELA (37) | JARDIM COLORADO (5)
74474203	60	JARDIM VISTA BELA	90.0%	JARDIM VISTA BELA (54) | PARQUE TREMENDAO (1) | JARDIM LIBERDADE (1) | NOVO PLANALTO (1) | VISTA BELA (1) | JARDIM DAS HORTENCIAS (1) | MANSOES PARAISO (1)
74474204	10	JARDIM VISTA BELA	90.0%	JARDIM VISTA BELA (9) | ST MARABA (1)
74474208	9	JARDIM VISTA BELA	88.9%	JARDIM VISTA BELA (8) | JARDIM COLORADO (1)
74474212	14	JARDIM VISTA BELA	92.9%	JARDIM VISTA BELA (13) | JARDIM COLORADO (1)
74474250	23	RESIDENCIAL ANGLO	95.7%	RESIDENCIAL ANGLO (22) | JARDIM COLORADO (1)
74474257	4	JARDIM COLORADO	25.0%	JARDIM COLORADO (1) | RESIDENCIAL ANGLO (1) | RESIDENCIAL JARDIM COLORADO (1) | JARDIM COLORADO SUL (1)
74474258	2	JARDIM COLORADO	50.0%	JARDIM COLORADO (1) | RESIDENCIAL ANGLO (1)
74474410	29	RESIDENCIAL PRIVE NORTE	58.6%	RESIDENCIAL PRIVE NORTE (17) | DOM CONSTANTINO (11) | JARDIM DAS HORTENCIAS (1)
74474415	18	RESIDENCIAL PRIVE NORTE	94.4%	RESIDENCIAL PRIVE NORTE (17) | JARDIM COLORADO (1)
74474500	5	JARDIM COLORADO EXTENSAO	60.0%	JARDIM COLORADO EXTENSAO (3) | JARDIM COLORADO (2)
74474505	21	JARDIM COLORADO	57.1%	JARDIM COLORADO (12) | JARDIM COLORADO EXTENSAO (9)
74474510	6	JARDIM COLORADO	50.0%	JARDIM COLORADO (3) | JARDIM COLORADO EXTENSAO (2) | PARQUE TREMENDAO (1)
74474555	4	JARDIM COLORADO	50.0%	JARDIM COLORADO (2) | JARDIM COLORADO SUL (2)
74474605	48	JARDIM COLORADO	68.8%	JARDIM COLORADO (33) | JARDIM COLORADO I (14) | JARDIM DAS HORTENCIAS (1)
74474615	5	JARDIM COLORADO	60.0%	JARDIM COLORADO (3) | JARDIM COLORADO I (2)
74474625	16	JARDIM COLORADO	81.2%	JARDIM COLORADO (13) | JARDIM COLORADO I (3)
74474635	2	JARDIM COLORADO I	50.0%	JARDIM COLORADO I (1) | JARDIM COLORADO (1)
74474640	23	JARDIM COLORADO	69.6%	JARDIM COLORADO (16) | JARDIM COLORADO I (6) | NOROESTE (1)
74474645	15	JARDIM COLORADO	73.3%	JARDIM COLORADO (11) | JARDIM COLORADO I (3) | JARDIM COLORADO L (1)
74474665	2	JARDIM COLORADO	50.0%	JARDIM COLORADO (1) | JARDIM COLORADO II (1)
74474670	6	JARDIM COLORADO	83.3%	JARDIM COLORADO (5) | JARDIM COLORADO II (1)
74474705	3	JARDIM COLORADO	66.7%	JARDIM COLORADO (2) | JARDIM LAGO AZUL (1)
74475009	12	PARQUE TREMENDAO	91.7%	PARQUE TREMENDAO (11) | NOVO PLANALTO (1)
74475020	24	PARQUE TREMENDAO	95.8%	PARQUE TREMENDAO (23) | PARQUE TREMENDAO 2 (1)
74475060	4	PARQUE TREMENDAO	75.0%	PARQUE TREMENDAO (3) | JARDIM LIBERDADE (1)
74475075	7	PARQUE TREMENDAO	42.9%	PARQUE TREMENDAO (3) | VILAGE NOROESTE (2) | VILLAGE NOROESTE (1) | PARQUE TREMNDAO (1)
74475095	3	PARQUE TREMENDAO	66.7%	PARQUE TREMENDAO (2) | RESIDENCIAL VALE DOS CARAIBAS (1)
74475122	3	VILA FINSOCIAL	66.7%	VILA FINSOCIAL (2) | MORADA DO SOL (1)
74475137	6	MORADA DO SOL	83.3%	MORADA DO SOL (5) | SITIO RECREIO MORADA DO SOL (1)
74475143	13	MORADA DO SOL	92.3%	MORADA DO SOL (12) | VILA FINSOCIAL (1)
74475400	2	VILA MUTIRAO II	50.0%	VILA MUTIRAO II (1) | VILA MUTIRAO (1)
74475405	5	VILA MUTIRAO	60.0%	VILA MUTIRAO (3) | VILA MUTIRAO II (2)
74475410	15	VILA MUTIRAO	73.3%	VILA MUTIRAO (11) | VILA MUTIRAO II (2) | JARDIM LIBERDADE (2)
74475415	3	VILA MUTIRAO II	66.7%	VILA MUTIRAO II (2) | VILA MUTIRAO (1)
74475417	3	VILA MUTIRAO II	66.7%	VILA MUTIRAO II (2) | VILA MUTIRAO (1)
74475420	18	VILA MUTIRAO II	50.0%	VILA MUTIRAO II (9) | VILA MUTIRAO (7) | JARDIM LIBERDADE (2)
74475425	3	VILA MUTIRAO	66.7%	VILA MUTIRAO (2) | VILA MUTIRAO II (1)
74475430	4	VILA MUTIRAO	75.0%	VILA MUTIRAO (3) | VILA MUTIRAO II (1)
74475440	9	VILA MUTIRAO	77.8%	VILA MUTIRAO (7) | VILA MUTIRAO II (2)
74475450	10	VILA MUTIRAO	60.0%	VILA MUTIRAO (6) | VILA MUTIRAO II (3) | JARDIM LIBERDADE (1)
74475455	5	VILA MUTIRAO	60.0%	VILA MUTIRAO (3) | VILA MUTIRAO II (2)
74475460	30	VILA MUTIRAO	56.7%	VILA MUTIRAO (17) | VILA MUTIRAO II (9) | JARDIM LIBERDADE (4)
74475463	9	JARDIM LIBERDADE	55.6%	JARDIM LIBERDADE (5) | VILA MUTIRAO II (4)
74475465	6	VILA MUTIRAO	50.0%	VILA MUTIRAO (3) | VILA MUTIRAO II (2) | JARDIM LIBERDADE (1)
74475467	7	VILA MUTIRAO	71.4%	VILA MUTIRAO (5) | JARDIM LIBERDADE (2)
74475470	17	VILA MUTIRAO	64.7%	VILA MUTIRAO (11) | VILA MUTIRAO II (6)
74475475	16	VILA MUTIRAO	62.5%	VILA MUTIRAO (10) | VILA MUTIRAO II (6)
74475485	2	VILA MUTIRAO	50.0%	VILA MUTIRAO (1) | JARDIM LIBERDADE (1)
74475520	47	JARDIM LIBERDADE	91.5%	JARDIM LIBERDADE (43) | VILA MUTIRAO (4)
74475530	43	JARDIM LIBERDADE	97.7%	JARDIM LIBERDADE (42) | LIBERDADE (1)
74475540	16	JARDIM LIBERDADE	87.5%	JARDIM LIBERDADE (14) | VILA MUTIRAO (2)
74475550	24	JARDIM LIBERDADE	95.8%	JARDIM LIBERDADE (23) | PERIM (1)
74475580	38	JARDIM LIBERDADE	89.5%	JARDIM LIBERDADE (34) | VILA MUTIRAO (2) | RESIDENCIAL FORTALEZA (1) | JARDIM VISTA BELA (1)
74475610	27	JARDIM LIBERDADE	96.3%	JARDIM LIBERDADE (26) | NOVO PLANALTO (1)
74475630	4	JARDIM LIBERDADE	75.0%	JARDIM LIBERDADE (3) | VILA MUTIRAO (1)
74475660	77	JARDIM LIBERDADE	96.1%	JARDIM LIBERDADE (74) | VILA MUTIRAO (3)
74475680	10	JARDIM LIBERDADE	90.0%	JARDIM LIBERDADE (9) | NOVO PLANALTO (1)
74475802	9	PARQUE TREMENDAO	77.8%	PARQUE TREMENDAO (7) | TREMENDAO (1) | PARQUE TREMENDAO 2 (1)
74476030	11	RESIDENCIAL FORTALEZA	90.9%	RESIDENCIAL FORTALEZA (10) | DA VITORIA (1)
74476065	7	RESIDENCIAL FORTALEZA	71.4%	RESIDENCIAL FORTALEZA (5) | NOVO PLANALTO (1) | JARDIM LIBERDADE (1)
74476100	3	RESIDENCIAL FORTALEZA	66.7%	RESIDENCIAL FORTALEZA (2) | CONDOMINIO TERRA NOVA (1)
74476110	9	RESIDENCIAL FORTALEZA	66.7%	RESIDENCIAL FORTALEZA (6) | JARDIM LIBERDADE (2) | VILA MUTIRAO (1)
74477009	2	SAO CARLOS	50.0%	SAO CARLOS (1) | DA VITORIA (1)
74477010	4	DA VITORIA	50.0%	DA VITORIA (2) | RESERVA CAMPO BELO (1) | CONDOMINIO TERRA NOVA (1)
74477012	10	DA VITORIA	60.0%	DA VITORIA (6) | JARDIM NOVA ESPERANCA (2) | CANDIDA DE MORAES (1) | SAO CARLOS (1)
74477076	4	SAO CARLOS	75.0%	SAO CARLOS (3) | DA VITORIA (1)
74477088	14	SAO CARLOS	92.9%	SAO CARLOS (13) | JARDIM NOVA ESPERANCA (1)
74480000	4	JARDIM COLORADO	25.0%	JARDIM COLORADO (1) | COLORADO (1) | CAPUAVA (1) | JARDIM NOVO MUNDO (1)
74480020	3	VILA MUTIRAO	66.7%	VILA MUTIRAO (2) | JARDIM LIBERDADE (1)
74480030	41	JARDIM LIBERDADE	95.1%	JARDIM LIBERDADE (39) | VILA MUTIRAO (2)
74480040	9	VILA MUTIRAO	66.7%	VILA MUTIRAO (6) | VILA MUTIRAO I (3)
74480060	55	NOVO PLANALTO	94.5%	NOVO PLANALTO (52) | VILA MUTIRAO (1) | JARDIM NOVA ESPERANCA (1) | MANSOES PARAISO (1)
74480070	29	JARDIM LIBERDADE	82.8%	JARDIM LIBERDADE (24) | NOVO PLANALTO (3) | VILA MUTIRAO (2)
74480110	29	VILA MUTIRAO	44.8%	VILA MUTIRAO (13) | VILA MUTIRAO I (10) | JARDIM LIBERDADE (5) | JARDIM CURITIBA IV (1)
74480120	13	VILA MUTIRAO I	53.8%	VILA MUTIRAO I (7) | VILA MUTIRAO (5) | CURITIBA 4 (1)
74480140	14	VILA MUTIRAO	64.3%	VILA MUTIRAO (9) | VILA MUTIRAO I (4) | JARDIM LIBERDADE (1)
74480150	18	VILA MUTIRAO I	50.0%	VILA MUTIRAO I (9) | VILA MUTIRAO (8) | JARDIM LIBERDADE (1)
74480160	22	VILA MUTIRAO I	54.5%	VILA MUTIRAO I (12) | VILA MUTIRAO (10)
74480170	20	VILA MUTIRAO	65.0%	VILA MUTIRAO (13) | VILA MUTIRAO I (7)
74480180	26	VILA MUTIRAO	61.5%	VILA MUTIRAO (16) | VILA MUTIRAO I (9) | VILA MULTIRAO I (1)
74480190	5	VILA MUTIRAO	60.0%	VILA MUTIRAO (3) | VILA MULTIRAO (1) | VILA MUTIRAO I (1)
74480230	16	VILA MUTIRAO	62.5%	VILA MUTIRAO (10) | VILA MUTIRAO I (6)
74480240	27	VILA MUTIRAO I	51.9%	VILA MUTIRAO I (14) | VILA MUTIRAO (11) | CANDIDA DE MORAIS (1) | NOVO PLANALTO (1)
74480250	27	VILA MUTIRAO	55.6%	VILA MUTIRAO (15) | VILA MUTIRAO I (10) | VILA MULTIRAO (1) | JARDIM LIBERDADE (1)
74480260	29	VILA MUTIRAO	55.2%	VILA MUTIRAO (16) | VILA MUTIRAO I (12) | RESIDENCIAL GREEN PARK (1)
74480270	20	VILA MUTIRAO	50.0%	VILA MUTIRAO (10) | VILA MUTIRAO I (9) | JARDIM LIBERDADE (1)
74480280	20	VILA MUTIRAO I	50.0%	VILA MUTIRAO I (10) | VILA MUTIRAO (9) | NOVO PLANALTO (1)
74480282	8	VILA MUTIRAO	75.0%	VILA MUTIRAO (6) | VILA MUTIRAO I (2)
74480290	5	VILA MUTIRAO	60.0%	VILA MUTIRAO (3) | PERIM (1) | VILA MUTIRAO I (1)
74480300	15	VILA MUTIRAO I	60.0%	VILA MUTIRAO I (9) | VILA MUTIRAO (4) | VILA MULTIRAO (1) | VILA MUTIRAO 1 (1)
74480310	7	VILA MUTIRAO I	57.1%	VILA MUTIRAO I (4) | JARDIM LIBERDADE (1) | NOVO PLANALTO (1) | VILA MUTIRAO (1)
74480320	9	JARDIM LIBERDADE	44.4%	JARDIM LIBERDADE (4) | VILA MUTIRAO (4) | VILA MUTIRAO I (1)
74480330	45	NOVO PLANALTO	97.8%	NOVO PLANALTO (44) | JARDIM COLORADO (1)
74480340	41	NOVO PLANALTO	97.6%	NOVO PLANALTO (40) | JARDIM COLORADO (1)
74480350	52	NOVO PLANALTO	96.2%	NOVO PLANALTO (50) | JARDIM COLORADO (1) | CANDIDA DE MORAES (1)
74480355	47	NOVO PLANALTO	97.9%	NOVO PLANALTO (46) | JARDIM VISTA BELA (1)
74480382	19	NOVO PLANALTO	89.5%	NOVO PLANALTO (17) | VILA MARTINS (1) | RESIDENCIAL PRIVE NORTE (1)
74480387	3	NOVO PLANALTO	66.7%	NOVO PLANALTO (2) | PERIM (1)
74480390	29	NOVO PLANALTO	96.6%	NOVO PLANALTO (28) | JARDIM COLORADO (1)
74480430	23	JARDIM CURITIBA IV	78.3%	JARDIM CURITIBA IV (18) | JARDIM CURITIBA (4) | JARDIM LIBERDADE (1)
74480440	17	JARDIM CURITIBA IV	82.4%	JARDIM CURITIBA IV (14) | JARDIM CURITIBA (3)
74480450	40	JARDIM CURITIBA IV	75.0%	JARDIM CURITIBA IV (30) | JARDIM CURITIBA (10)
74480460	15	JARDIM CURITIBA IV	60.0%	JARDIM CURITIBA IV (9) | JARDIM CURITIBA (5) | PARQUE MARACANA (1)
74480470	7	JARDIM CURITIBA	57.1%	JARDIM CURITIBA (4) | JARDIM CURITIBA IV (2) | JARDIM CURITIBA I (1)
74480480	3	JARDIM CURITIBA IV	66.7%	JARDIM CURITIBA IV (2) | JARDIM CURITIBA (1)
74480485	6	JARDIM CURITIBA	50.0%	JARDIM CURITIBA (3) | JARDIM CURITIBA LV (1) | JARDIM VISTA BELA (1) | JARDIM CURITIBA IV (1)
74480500	5	JARDIM CURITIBA IV	80.0%	JARDIM CURITIBA IV (4) | JARDIM CURITIBA (1)
74480510	2	JARDIM CURITIBA	50.0%	JARDIM CURITIBA (1) | JARDIM CURITIBA IV (1)
74480520	11	JARDIM CURITIBA IV	90.9%	JARDIM CURITIBA IV (10) | JARDIM CURITIBA (1)
74480530	17	JARDIM CURITIBA IV	88.2%	JARDIM CURITIBA IV (15) | JARDIM CURITIBA (2)
74480540	6	JARDIM CURITIBA IV	83.3%	JARDIM CURITIBA IV (5) | JARDIM CURITIBA (1)
74480550	6	JARDIM CURITIBA IV	66.7%	JARDIM CURITIBA IV (4) | JARDIM CURITIBA (2)
74480560	14	JARDIM CURITIBA IV	64.3%	JARDIM CURITIBA IV (9) | JARDIM CURITIBA (5)
74480570	10	JARDIM CURITIBA IV	80.0%	JARDIM CURITIBA IV (8) | JARDIM CURITIBA (2)
74480590	6	JARDIM CURITIBA IV	66.7%	JARDIM CURITIBA IV (4) | RESIDENCIAL FORTALEZA (1) | JARDIM CURITIBA (1)
74480600	2	JARDIM CURITIBA IV	50.0%	JARDIM CURITIBA IV (1) | JARDIM CURITIBA (1)
74480610	5	JARDIM CURITIBA IV	40.0%	JARDIM CURITIBA IV (2) | JARDIM CURITIBA (2) | PARQUE TREMENDAO (1)
74480620	8	JARDIM CURITIBA IV	75.0%	JARDIM CURITIBA IV (6) | JARDIM CURITIBA (2)
74480640	5	JARDIM CURITIBA IV	60.0%	JARDIM CURITIBA IV (3) | JARDIM CURITIBA (2)
74480650	30	JARDIM CURITIBA IV	63.3%	JARDIM CURITIBA IV (19) | JARDIM CURITIBA (8) | VILA MUTIRAO (1) | SAO CARLOS (1) | JARDIM LIBERDADE (1)
74480660	11	JARDIM CURITIBA IV	72.7%	JARDIM CURITIBA IV (8) | JARDIM CURITIBA (3)
74480710	2	MANSOES PARAISO	50.0%	MANSOES PARAISO (1) | JARDIM CURITIBA (1)
74480720	2	MANSOES PARAISO	50.0%	MANSOES PARAISO (1) | JARDIM CURITIBA II (1)
74480800	11	JARDIM CURITIBA IV	45.5%	JARDIM CURITIBA IV (5) | JARDIM CURITIBA (2) | VILA MUTIRAO (1) | JARDIM CURITIBA II (1) | JARDIM CURITIBA 2 (1) | JARDIM CURITIBA 3 (1)
74481030	2	JARDIM CURITIBA IV	50.0%	JARDIM CURITIBA IV (1) | JARDIM CURITIBA 2 (1)
74481220	2	JARDIM CURITIBA	50.0%	JARDIM CURITIBA (1) | JARDIM CURITIBA 2 (1)
74481580	4	JARDIM CURITIBA	75.0%	JARDIM CURITIBA (3) | JARDIM CURITIBA 2 (1)
74481615	5	RESIDENCIAL GREEN PARK	80.0%	RESIDENCIAL GREEN PARK (4) | VILA MUTIRAO (1)
74481620	7	RESIDENCIAL GREEN PARK	71.4%	RESIDENCIAL GREEN PARK (5) | VILA MUTIRAO (1) | GREEN PARK (1)
74481640	12	RESIDENCIAL GREEN PARK	83.3%	RESIDENCIAL GREEN PARK (10) | VILA MUTIRAO (1) | RES GREEN PARK (1)
74481700	32	MANSOES PARAISO	62.5%	MANSOES PARAISO (20) | RESIDENCIAL MANSOES PARAISO (12)
74481705	48	MANSOES PARAISO	70.8%	MANSOES PARAISO (34) | RESIDENCIAL MANSOES PARAISO (13) | MANCOES PARAISO (1)
74481710	45	MANSOES PARAISO	62.2%	MANSOES PARAISO (28) | RESIDENCIAL MANSOES PARAISO (17)
74481715	50	MANSOES PARAISO	54.0%	MANSOES PARAISO (27) | RESIDENCIAL MANSOES PARAISO (21) | JARDIM CURITIBA IV (1) | RESIDENCIAL MANSOES DO PARAISO (1)
74481720	13	MANSOES PARAISO	61.5%	MANSOES PARAISO (8) | RESIDENCIAL MANSOES PARAISO (3) | NOVO PLANALTO (2)
74481725	13	MANSOES PARAISO	61.5%	MANSOES PARAISO (8) | RESIDENCIAL MANSOES PARAISO (5)
74481730	14	MANSOES PARAISO	71.4%	MANSOES PARAISO (10) | RESIDENCIAL MANSOES PARAISO (4)
74481755	4	MANSOES PARAISO	75.0%	MANSOES PARAISO (3) | RESIDENCIAL MANSOES PARAISO (1)
74483030	4	PARQUE INDUSTRIAL JOAO BRAZ	75.0%	PARQUE INDUSTRIAL JOAO BRAZ (3) | PARQUE INDUSTRIAL JOAO BRAZ QD 70 LT 12 CASA 01 (1)
74484080	9	SOLANGE PARK I	88.9%	SOLANGE PARK I (8) | SOLANGE PARK 3 (1)
74484140	3	SOLANGE PARK I	66.7%	SOLANGE PARK I (2) | SOLANGE PARK 1 (1)
74484150	4	SOLANGE PARK I	75.0%	SOLANGE PARK I (3) | SOLANGE PARK 1 (1)
74484160	4	SOLANGE PARK I	75.0%	SOLANGE PARK I (3) | GREEN PARK (1)
74484304	6	SOLANGE PARK II	83.3%	SOLANGE PARK II (5) | SOLANGE PARK I (1)
74484360	3	SOLANGE PARK III	66.7%	SOLANGE PARK III (2) | SOLANGE PARK I (1)
74484400	6	RESIDENCIAL GOIANIA VIVA	66.7%	RESIDENCIAL GOIANIA VIVA (4) | RESIDENCIAL GOI NIA VIVA (2)
74484409	6	RESIDENCIAL GOIANIA VIVA	50.0%	RESIDENCIAL GOIANIA VIVA (3) | RESIDENCIAL GOI NIA VIVA (2) | RESIDENCIAL GOANIA VIVA (1)
74484410	14	RESIDENCIAL GOI NIA VIVA	57.1%	RESIDENCIAL GOI NIA VIVA (8) | RESIDENCIAL GOIANIA VIVA (6)
74484413	4	RESIDENCIAL GOIANIA VIVA	50.0%	RESIDENCIAL GOIANIA VIVA (2) | RESIDENCIAL GOIANIA VIAV (1) | RESIDENCIAL GOI NIA VIVA (1)
74484414	13	RESIDENCIAL GOI NIA VIVA	53.8%	RESIDENCIAL GOI NIA VIVA (7) | RESIDENCIAL GOIANIA VIVA (5) | RESIDENCIAL GOINIA VIVA (1)
74484415	4	RESIDENCIAL GOI NIA VIVA	75.0%	RESIDENCIAL GOI NIA VIVA (3) | RESIDENCIAL GOIANIA VIVA (1)
74484416	4	RESIDENCIAL GOI NIA VIVA	50.0%	RESIDENCIAL GOI NIA VIVA (2) | RESIDENCIAL GOIANIA VIVA (2)
74484418	9	RESIDENCIAL GOIANIA VIVA	66.7%	RESIDENCIAL GOIANIA VIVA (6) | RESIDENCIAL GOI NIA VIVA (3)
74484420	4	RESIDENCIAL GOIANIA VIVA	75.0%	RESIDENCIAL GOIANIA VIVA (3) | GOIANIA VIVA (1)
74484422	5	RESIDENCIAL GOI NIA VIVA	60.0%	RESIDENCIAL GOI NIA VIVA (3) | RESIDENCIAL GOIANIA VIVA (2)
74484423	8	RESIDENCIAL GOIANIA VIVA	62.5%	RESIDENCIAL GOIANIA VIVA (5) | RESIDENCIAL GOI NIA VIVA (3)
74484427	9	RESIDENCIAL GOIANIA VIVA	55.6%	RESIDENCIAL GOIANIA VIVA (5) | RESIDENCIAL GOI NIA VIVA (3) | RESIDENCIAL GOINIA VIVA (1)
74484431	9	RESIDENCIAL GOI NIA VIVA	66.7%	RESIDENCIAL GOI NIA VIVA (6) | RESIDENCIAL GOIANIA VIVA (3)
74484432	5	RESIDENCIAL GOI NIA VIVA	60.0%	RESIDENCIAL GOI NIA VIVA (3) | RESIDENCIAL GOIANIA VIVA (2)
74484433	6	RESIDENCIAL GOI NIA VIVA	83.3%	RESIDENCIAL GOI NIA VIVA (5) | RESIDENCIAL GOIANIA VIVA (1)
74484435	2	RESIDENCIAL GOIANIA VIVA	50.0%	RESIDENCIAL GOIANIA VIVA (1) | RESIDENCIAL GOI NIA VIVA (1)
74484444	8	RESIDENCIAL GOIANIA VIVA	50.0%	RESIDENCIAL GOIANIA VIVA (4) | RESIDENCIAL GOI NIA VIVA (3) | RESIDENCIAL GOINIA VIVA (1)
74485260	3	GOIA	66.7%	GOIA (2) | TROPICAL VERDE (1)
74485365	3	GOIA	66.7%	GOIA (2) | JARDIM MIRABEL (1)
74485370	6	GOIA	66.7%	GOIA (4) | JARDIM MIRABEL (2)
74486310	4	SOLANGE PARQUE COMPLEMENTO	75.0%	SOLANGE PARQUE COMPLEMENTO (3) | SOLANGE PARQUE (1)
74487005	3	RESIDENCIAL SAO MARCOS	66.7%	RESIDENCIAL SAO MARCOS (2) | MARABA (1)
74487150	5	RESIDENCIAL SAO MARCOS	80.0%	RESIDENCIAL SAO MARCOS (4) | MARABA (1)
74491130	5	RESIDENCIAL ANA MORAES	80.0%	RESIDENCIAL ANA MORAES (4) | RESIDENCIAL ANA MORAIS (1)
74491469	2	RESIDENCIAL MUNDO NOVO 3	50.0%	RESIDENCIAL MUNDO NOVO 3 (1) | JARDIM NOVO MUNDO (1)
74492030	3	RESIDENCIAL SERRA AZUL ETAPA I	66.7%	RESIDENCIAL SERRA AZUL ETAPA I (2) | RESIDENCIAL SERRA AZUL (1)
74492706	2	JARDIM MIRABEL	50.0%	JARDIM MIRABEL (1) | FAZENDA SANTA RITA QUADRA 01 (1)
74493060	4	CONJUNTO VERA CRUZ	75.0%	CONJUNTO VERA CRUZ (3) | MONTE PASCOAL (1)
74493750	2	CONJUNTO VERA CRUZ 2	50.0%	CONJUNTO VERA CRUZ 2 (1) | CONJUNTO VERA CRUZ (1)
74495290	2	CONJUNTO VERA CRUZ	50.0%	CONJUNTO VERA CRUZ (1) | CONJUNTO VERA CRUZ 2 (1)
74495440	2	CONJUNTO VERA CRUZ II 7 ETAPA	50.0%	CONJUNTO VERA CRUZ II 7 ETAPA (1) | CONJUNTO VERA CRUZ (1)
74495600	2	CONJUNTO VERA CRUZ II	50.0%	CONJUNTO VERA CRUZ II (1) | CONJUNTO VERA CRUZ (1)
74555556	5	ALBINO BOAVENTURA	60.0%	ALBINO BOAVENTURA (3) | RESIDENCIAL ALBINO BOAVENTURA (1) | RESIDENCIAL SENADOR ALBINO BOAVENTURA (1)
74555557	13	ALBINO BOAVENTURA	69.2%	ALBINO BOAVENTURA (9) | RESIDENCIAL SENADOR ALBINO BOAVENTURA (3) | ALBINO BOA VENTURA (1)
74555558	21	ALBINO BOAVENTURA	52.4%	ALBINO BOAVENTURA (11) | RESIDENCIAL SENADOR ALBINO BOAVENTURA (8) | RESIDENCIAL ALBINO BOAVENTURA (2)
74555559	11	ALBINO BOAVENTURA	45.5%	ALBINO BOAVENTURA (5) | RESIDENCIAL SENADOR ALBINO BOAVENTURA (5) | RESIDENCIAL ALBINO BOAVENTURA (1)
74555561	2	ALBINO BOAVENTURA	50.0%	ALBINO BOAVENTURA (1) | MARABA (1)
74573370	4	SEVENE	75.0%	SEVENE (3) | RESIDENCIAL HUGO DE MORAES (1)
74573387	3	RESIDENCIAL HUGO DE MORAES	66.7%	RESIDENCIAL HUGO DE MORAES (2) | HUGO DE MORAIS (1)
74573388	3	RESIDENCIAL HUGO DE MORAES	66.7%	RESIDENCIAL HUGO DE MORAES (2) | HUGO MORAES (1)
74573391	3	RESIDENCIAL HUGO DE MORAES	66.7%	RESIDENCIAL HUGO DE MORAES (2) | RESIDENCIAL HUGO DE MORAIS (1)
74573393	3	RESIDENCIAL HUGO DE MORAES	66.7%	RESIDENCIAL HUGO DE MORAES (2) | HUGO MORAES (1)
74573426	2	RESIDENCIAL GUAREMA	50.0%	RESIDENCIAL GUAREMA (1) | RESIDENCIA GUAREMA (1)
74580270	4	PERIM	75.0%	PERIM (3) | PROGRESSO (1)
74580860	5	PERIM	60.0%	PERIM (3) | PERIM CONTINUACAO (2)
74583055	3	VILA MARIA DILCE	66.7%	VILA MARIA DILCE (2) | VILA CRISTINA (1)
74583070	3	VILA CRISTINA	33.3%	VILA CRISTINA (1) | MARIA DILCE (1) | VILA MARIA DILCE (1)
74583100	17	VILA MARIA DILCE	94.1%	VILA MARIA DILCE (16) | MARIA DILCE (1)
74583290	3	MARABA	66.7%	MARABA (2) | NOROESTE (1)
74583715	11	JARDIM GRAMADO	81.8%	JARDIM GRAMADO (9) | VILA CRISTINA (1) | VILA MARIA DILCE (1)
74584060	3	VILA CRISTINA	66.7%	VILA CRISTINA (2) | MARIA DILCE (1)
74584120	6	VILA CRISTINA	83.3%	VILA CRISTINA (5) | VILA MARIA DILCE (1)
74584230	6	VILA CRISTINA	66.7%	VILA CRISTINA (4) | VILA CRISTINA CONTINUACAO (2)
74705240	7	JARDIM NOVO MUNDO	85.7%	JARDIM NOVO MUNDO (6) | JD NOVO MUNDO (1)
74710110	9	JARDIM NOVO MUNDO	88.9%	JARDIM NOVO MUNDO (8) | JARDIM EMANUELE (1)
74710160	4	JARDIM NOVO MUNDO	75.0%	JARDIM NOVO MUNDO (3) | VILA MARIA LUIZA (1)
74710260	115	JARDIM NOVO MUNDO	96.5%	JARDIM NOVO MUNDO (111) | RESID EMANUELLI JARDIM NOVO MUNDO (1) | JARDIM EMANUELI (1) | JD EMANUELLE NOVO MUNDO (1) | JARDIM NOVO MUNDO 3 (1)
74711020	3	VILA BANDEIRANTE	66.7%	VILA BANDEIRANTE (2) | JARDIM NOVO MUNDO (1)
74713440	7	JARDIM NOVO MUNDO	85.7%	JARDIM NOVO MUNDO (6) | RESIDENCIAL JARDIM EMANUELE (1)
74720200	5	VILA MARIA LUIZA	80.0%	VILA MARIA LUIZA (4) | MARIA LUIZA (1)
74723100	2	JARDIM BRASIL	50.0%	JARDIM BRASIL (1) | AGUA BRANCA (1)
74730140	2	CONJUNTO RIVIEIRA	50.0%	CONJUNTO RIVIEIRA (1) | CONJUNTO RIVIERA (1)
74740180	2	CONJUNTO ARUANA I	50.0%	CONJUNTO ARUANA I (1) | CONJUNTO RESIDENCIAL ARUANA I (1)
74740440	2	CONJUNTO RESIDENCIAL ARUANA III	50.0%	CONJUNTO RESIDENCIAL ARUANA III (1) | RESIDENCIAL ARUANA III (1)
74805100	12	JARDIM NOVA ESPERANCA	25.0%	JARDIM NOVA ESPERANCA (3) | JARDIM NOVO MUNDO (3) | VILA MUTIRAO (2) | JARDIM CURITIBA IV (1) | ALBINO BOAVENTURA (1) | RESIDENCIAL FORTALEZA (1) | CAPUAVA (1)
74805180	2	JARDIM NOVO MUNDO	50.0%	JARDIM NOVO MUNDO (1) | JARDIM VISTA BELA (1)
74850580	2	PARQUE TREMENDAO	50.0%	PARQUE TREMENDAO (1) | VALE DOS CARAIBAS (1)
75000000	6	JARDIM NOVA ESPERANCA	50.0%	JARDIM NOVA ESPERANCA (3) | SAO CARLOS (1) | JARDIM LIBERDADE (1) | 14 BIS (1)
75712460	2	SAO JOSE	50.0%	SAO JOSE (1) | VILA SAO JOSE (1)
